order_id,customer_id,product_id,store_id,quantity,unit_price,cost_price,revenue,cost_amount,profit,order_date
1,52,30,2,3,1299,600,3897,1800,2097,2025-07-09
2,62,11,7,3,32000,25000,96000,75000,21000,2025-07-25
3,81,3,4,1,50000,42000,50000,42000,8000,2025-02-10
4,29,30,7,3,1299,600,3897,1800,2097,2025-03-03
5,88,28,7,3,2999,1800,8997,5400,3597,2025-08-25
6,15,23,3,3,9999,6000,29997,18000,11997,2025-07-17
7,72,23,5,1,9999,6000,9999,6000,3999,2025-05-06
8,2,13,3,3,7999,5000,23997,15000,8997,2025-11-04
9,33,27,1,3,1499,700,4497,2100,2397,2025-04-23
10,72,27,6,3,1499,700,4497,2100,2397,2025-01-22
11,30,9,7,3,3499,1800,10497,5400,5097,2025-07-07
12,97,4,2,3,47000,39000,141000,117000,24000,2025-01-26
13,99,10,6,1,1199,500,1199,500,699,2025-06-29
14,42,23,4,2,9999,6000,19998,12000,7998,2025-12-12
15,90,4,1,2,47000,39000,94000,78000,16000,2025-08-26
16,62,6,8,2,3999,2500,7998,5000,2998,2025-06-12
17,33,21,2,3,7999,4000,23997,12000,11997,2025-04-15
18,7,29,1,3,1499,800,4497,2400,2097,2025-12-27
19,30,26,5,3,36000,28000,108000,84000,24000,2025-05-24
20,57,23,5,1,9999,6000,9999,6000,3999,2025-12-05
21,8,8,6,1,2499,1200,2499,1200,1299,2025-07-10
22,25,25,3,2,7499,4000,14998,8000,6998,2025-08-12
23,16,10,3,1,1199,500,1199,500,699,2025-01-05
24,33,24,2,3,4499,2500,13497,7500,5997,2025-05-25
25,85,18,7,3,4999,3000,14997,9000,5997,2025-07-26
26,85,28,4,1,2999,1800,2999,1800,1199,2025-02-03
27,6,14,6,1,1999,1200,1999,1200,799,2025-11-22
28,1,23,8,2,9999,6000,19998,12000,7998,2025-12-31
29,26,4,5,1,47000,39000,47000,39000,8000,2025-03-09
30,10,14,6,1,1999,1200,1999,1200,799,2025-07-17
31,70,14,8,2,1999,1200,3998,2400,1598,2025-06-22
32,44,9,2,1,3499,1800,3499,1800,1699,2025-06-17
33,2,18,5,2,4999,3000,9998,6000,3998,2025-11-12
34,30,16,3,2,5499,3000,10998,6000,4998,2025-05-14
35,67,12,5,3,24000,18000,72000,54000,18000,2025-06-06
36,8,18,4,1,4999,3000,4999,3000,1999,2025-10-20
37,72,2,1,2,72000,60000,144000,120000,24000,2025-11-09
38,26,19,2,2,2499,1200,4998,2400,2598,2025-02-18
39,71,5,3,3,4999,3500,14997,10500,4497,2025-05-12
40,1,4,7,2,47000,39000,94000,78000,16000,2025-10-18
41,96,8,4,3,2499,1200,7497,3600,3897,2025-08-22
42,2,24,1,2,4499,2500,8998,5000,3998,2025-10-05
43,4,19,3,2,2499,1200,4998,2400,2598,2025-09-25
44,53,9,4,3,3499,1800,10497,5400,5097,2025-05-28
45,83,16,6,2,5499,3000,10998,6000,4998,2025-01-12
46,19,13,7,2,7999,5000,15998,10000,5998,2025-01-16
47,71,5,3,1,4999,3500,4999,3500,1499,2025-04-08
48,3,20,7,2,6999,3500,13998,7000,6998,2025-01-29
49,62,28,8,3,2999,1800,8997,5400,3597,2025-10-20
50,61,20,7,1,6999,3500,6999,3500,3499,2025-01-09
51,99,12,2,2,24000,18000,48000,36000,12000,2025-01-09
52,79,19,6,3,2499,1200,7497,3600,3897,2025-12-02
53,40,15,5,3,22000,15000,66000,45000,21000,2025-08-12
54,13,23,6,1,9999,6000,9999,6000,3999,2025-07-12
55,22,13,1,3,7999,5000,23997,15000,8997,2025-09-28
56,29,7,5,3,3599,2200,10797,6600,4197,2025-11-16
57,25,11,8,1,32000,25000,32000,25000,7000,2025-11-15
58,86,27,4,1,1499,700,1499,700,799,2025-02-15
59,32,30,2,3,1299,600,3897,1800,2097,2025-11-01
60,75,5,3,2,4999,3500,9998,7000,2998,2025-01-12
61,87,22,5,3,3999,2500,11997,7500,4497,2025-01-24
62,20,27,8,1,1499,700,1499,700,799,2025-08-13
63,99,17,4,2,29999,22000,59998,44000,15998,2025-06-12
64,5,22,4,1,3999,2500,3999,2500,1499,2025-04-17
65,37,16,3,2,5499,3000,10998,6000,4998,2025-01-12
66,20,16,2,1,5499,3000,5499,3000,2499,2025-11-07
67,90,24,5,1,4499,2500,4499,2500,1999,2025-09-02
68,77,17,5,3,29999,22000,89997,66000,23997,2025-11-12
69,93,16,8,1,5499,3000,5499,3000,2499,2025-10-27
70,100,19,6,3,2499,1200,7497,3600,3897,2025-06-06
71,28,30,7,3,1299,600,3897,1800,2097,2025-05-21
72,22,6,5,3,3999,2500,11997,7500,4497,2025-02-18
73,99,8,7,1,2499,1200,2499,1200,1299,2025-08-29
74,75,23,5,3,9999,6000,29997,18000,11997,2025-06-09
75,21,10,6,1,1199,500,1199,500,699,2025-02-24
76,16,10,2,1,1199,500,1199,500,699,2025-05-22
77,36,22,2,2,3999,2500,7998,5000,2998,2025-05-14
78,67,25,1,2,7499,4000,14998,8000,6998,2025-01-25
79,13,23,3,2,9999,6000,19998,12000,7998,2025-09-10
80,31,30,2,3,1299,600,3897,1800,2097,2025-04-26
81,63,28,4,1,2999,1800,2999,1800,1199,2025-07-07
82,11,15,2,2,22000,15000,44000,30000,14000,2025-11-10
83,60,6,1,1,3999,2500,3999,2500,1499,2025-05-28
84,21,27,6,2,1499,700,2998,1400,1598,2025-04-15
85,41,17,6,2,29999,22000,59998,44000,15998,2025-08-01
86,44,10,2,1,1199,500,1199,500,699,2025-08-01
87,79,17,8,2,29999,22000,59998,44000,15998,2025-12-20
88,89,19,7,1,2499,1200,2499,1200,1299,2025-05-12
89,20,17,2,3,29999,22000,89997,66000,23997,2025-09-11
90,24,10,4,2,1199,500,2398,1000,1398,2025-10-28
91,33,21,5,3,7999,4000,23997,12000,11997,2025-09-02
92,19,27,4,1,1499,700,1499,700,799,2025-01-31
93,84,5,4,2,4999,3500,9998,7000,2998,2025-01-07
94,70,9,4,1,3499,1800,3499,1800,1699,2025-06-10
95,50,8,8,3,2499,1200,7497,3600,3897,2025-05-05
96,39,20,8,2,6999,3500,13998,7000,6998,2025-02-13
97,97,27,2,3,1499,700,4497,2100,2397,2025-12-02
98,3,12,4,2,24000,18000,48000,36000,12000,2025-08-11
99,59,29,8,1,1499,800,1499,800,699,2025-06-05
100,90,7,7,3,3599,2200,10797,6600,4197,2025-05-08
101,63,19,6,2,2499,1200,4998,2400,2598,2025-05-22
102,100,30,5,1,1299,600,1299,600,699,2025-10-13
103,9,12,5,3,24000,18000,72000,54000,18000,2025-05-29
104,69,19,1,1,2499,1200,2499,1200,1299,2025-06-28
105,4,11,2,1,32000,25000,32000,25000,7000,2025-04-03
106,99,9,1,1,3499,1800,3499,1800,1699,2025-11-01
107,41,2,2,3,72000,60000,216000,180000,36000,2025-09-07
108,69,11,1,3,32000,25000,96000,75000,21000,2025-09-15
109,63,20,7,1,6999,3500,6999,3500,3499,2025-12-23
110,85,14,1,2,1999,1200,3998,2400,1598,2025-04-10
111,33,9,4,1,3499,1800,3499,1800,1699,2025-12-31
112,50,9,5,1,3499,1800,3499,1800,1699,2025-02-28
113,47,26,7,1,36000,28000,36000,28000,8000,2025-10-27
114,11,23,4,2,9999,6000,19998,12000,7998,2025-05-27
115,64,16,7,2,5499,3000,10998,6000,4998,2025-08-16
116,75,10,3,1,1199,500,1199,500,699,2025-01-13
117,47,7,1,3,3599,2200,10797,6600,4197,2025-02-06
118,13,26,1,3,36000,28000,108000,84000,24000,2025-06-11
119,16,4,7,3,47000,39000,141000,117000,24000,2025-02-01
120,62,16,1,3,5499,3000,16497,9000,7497,2025-08-29
121,93,28,8,3,2999,1800,8997,5400,3597,2025-07-05
122,87,6,5,2,3999,2500,7998,5000,2998,2025-10-31
123,28,25,2,1,7499,4000,7499,4000,3499,2025-08-04
124,8,16,3,1,5499,3000,5499,3000,2499,2025-04-21
125,17,18,2,3,4999,3000,14997,9000,5997,2025-09-01
126,57,23,4,1,9999,6000,9999,6000,3999,2025-03-20
127,87,27,8,3,1499,700,4497,2100,2397,2025-12-17
128,28,7,5,2,3599,2200,7198,4400,2798,2025-10-21
129,62,29,3,1,1499,800,1499,800,699,2025-03-30
130,18,14,4,2,1999,1200,3998,2400,1598,2025-12-08
131,93,29,1,1,1499,800,1499,800,699,2025-11-23
132,67,11,8,1,32000,25000,32000,25000,7000,2025-08-09
133,68,6,7,2,3999,2500,7998,5000,2998,2025-11-20
134,15,19,1,2,2499,1200,4998,2400,2598,2025-06-17
135,7,18,6,3,4999,3000,14997,9000,5997,2025-01-16
136,22,28,7,2,2999,1800,5998,3600,2398,2025-04-14
137,15,10,3,3,1199,500,3597,1500,2097,2025-03-19
138,58,18,6,3,4999,3000,14997,9000,5997,2025-11-09
139,72,26,8,3,36000,28000,108000,84000,24000,2025-02-02
140,62,10,5,2,1199,500,2398,1000,1398,2025-01-17
141,66,4,4,3,47000,39000,141000,117000,24000,2025-02-10
142,54,14,3,2,1999,1200,3998,2400,1598,2025-02-17
143,21,19,2,3,2499,1200,7497,3600,3897,2025-09-01
144,85,22,2,1,3999,2500,3999,2500,1499,2025-11-27
145,16,28,4,1,2999,1800,2999,1800,1199,2025-07-01
146,37,16,7,3,5499,3000,16497,9000,7497,2025-08-30
147,1,29,7,2,1499,800,2998,1600,1398,2025-02-01
148,55,8,5,3,2499,1200,7497,3600,3897,2025-06-14
149,87,19,2,3,2499,1200,7497,3600,3897,2025-07-25
150,39,7,8,1,3599,2200,3599,2200,1399,2025-10-22
151,88,14,8,1,1999,1200,1999,1200,799,2025-12-30
152,51,18,2,2,4999,3000,9998,6000,3998,2025-11-29
153,45,23,2,1,9999,6000,9999,6000,3999,2025-11-14
154,39,11,6,2,32000,25000,64000,50000,14000,2025-10-27
155,11,23,8,3,9999,6000,29997,18000,11997,2025-11-22
156,88,4,6,1,47000,39000,47000,39000,8000,2025-09-13
157,38,25,8,3,7499,4000,22497,12000,10497,2025-12-21
158,3,9,4,2,3499,1800,6998,3600,3398,2025-01-14
159,75,19,6,2,2499,1200,4998,2400,2598,2025-04-22
160,33,16,1,3,5499,3000,16497,9000,7497,2025-05-24
161,46,6,5,3,3999,2500,11997,7500,4497,2025-01-11
162,98,1,1,1,52000,45000,52000,45000,7000,2025-01-13
163,96,28,8,2,2999,1800,5998,3600,2398,2025-09-22
164,22,27,7,1,1499,700,1499,700,799,2025-08-15
165,48,11,4,3,32000,25000,96000,75000,21000,2025-08-25
166,98,25,2,1,7499,4000,7499,4000,3499,2025-10-03
167,77,28,7,1,2999,1800,2999,1800,1199,2025-04-06
168,93,28,8,1,2999,1800,2999,1800,1199,2025-10-15
169,15,4,8,3,47000,39000,141000,117000,24000,2025-11-06
170,72,30,3,2,1299,600,2598,1200,1398,2025-09-26
171,52,28,5,1,2999,1800,2999,1800,1199,2025-10-17
172,67,1,7,1,52000,45000,52000,45000,7000,2025-09-03
173,89,7,3,2,3599,2200,7198,4400,2798,2025-05-29
174,92,27,4,3,1499,700,4497,2100,2397,2025-03-31
175,77,13,1,1,7999,5000,7999,5000,2999,2025-03-31
176,13,4,2,2,47000,39000,94000,78000,16000,2025-07-17
177,59,22,3,2,3999,2500,7998,5000,2998,2025-03-06
178,99,17,8,3,29999,22000,89997,66000,23997,2025-12-30
179,57,15,8,3,22000,15000,66000,45000,21000,2025-11-19
180,11,27,5,3,1499,700,4497,2100,2397,2025-03-10
181,47,12,2,2,24000,18000,48000,36000,12000,2025-11-27
182,16,27,3,1,1499,700,1499,700,799,2025-03-04
183,81,6,7,1,3999,2500,3999,2500,1499,2025-05-28
184,25,8,7,3,2499,1200,7497,3600,3897,2025-05-28
185,9,6,4,2,3999,2500,7998,5000,2998,2025-05-10
186,66,10,8,2,1199,500,2398,1000,1398,2025-06-20
187,75,27,3,1,1499,700,1499,700,799,2025-12-02
188,34,19,8,1,2499,1200,2499,1200,1299,2025-04-20
189,78,10,4,1,1199,500,1199,500,699,2025-04-14
190,78,24,3,1,4499,2500,4499,2500,1999,2025-03-24
191,54,29,5,3,1499,800,4497,2400,2097,2025-05-09
192,81,15,4,3,22000,15000,66000,45000,21000,2025-12-31
193,86,14,4,1,1999,1200,1999,1200,799,2025-12-21
194,72,2,6,2,72000,60000,144000,120000,24000,2025-01-11
195,92,24,6,2,4499,2500,8998,5000,3998,2025-11-16
196,87,19,6,2,2499,1200,4998,2400,2598,2025-07-08
197,35,21,5,3,7999,4000,23997,12000,11997,2025-09-10
198,1,22,5,3,3999,2500,11997,7500,4497,2025-09-15
199,52,8,2,1,2499,1200,2499,1200,1299,2025-07-04
200,85,2,8,3,72000,60000,216000,180000,36000,2025-05-02
201,84,20,8,2,6999,3500,13998,7000,6998,2025-07-19
202,56,7,6,1,3599,2200,3599,2200,1399,2025-11-19
203,26,1,6,1,52000,45000,52000,45000,7000,2025-08-04
204,65,25,4,3,7499,4000,22497,12000,10497,2025-08-02
205,85,16,4,3,5499,3000,16497,9000,7497,2025-05-14
206,91,7,5,3,3599,2200,10797,6600,4197,2025-08-13
207,24,22,4,3,3999,2500,11997,7500,4497,2025-02-03
208,89,2,5,3,72000,60000,216000,180000,36000,2025-05-26
209,2,19,8,3,2499,1200,7497,3600,3897,2025-12-07
210,23,30,4,3,1299,600,3897,1800,2097,2025-11-14
211,16,26,5,1,36000,28000,36000,28000,8000,2025-01-07
212,27,16,7,1,5499,3000,5499,3000,2499,2025-04-19
213,1,14,1,3,1999,1200,5997,3600,2397,2025-02-17
214,96,9,8,2,3499,1800,6998,3600,3398,2025-08-29
215,13,11,1,2,32000,25000,64000,50000,14000,2025-05-10
216,4,14,3,2,1999,1200,3998,2400,1598,2025-04-07
217,18,16,7,1,5499,3000,5499,3000,2499,2025-03-20
218,18,15,8,3,22000,15000,66000,45000,21000,2025-11-24
219,65,13,1,2,7999,5000,15998,10000,5998,2025-10-18
220,1,3,6,2,50000,42000,100000,84000,16000,2025-01-16
221,71,8,5,3,2499,1200,7497,3600,3897,2025-07-11
222,91,22,5,2,3999,2500,7998,5000,2998,2025-06-29
223,96,30,4,2,1299,600,2598,1200,1398,2025-07-22
224,74,23,2,3,9999,6000,29997,18000,11997,2025-06-01
225,74,12,2,2,24000,18000,48000,36000,12000,2025-04-02
226,49,13,6,1,7999,5000,7999,5000,2999,2025-02-18
227,25,25,2,2,7499,4000,14998,8000,6998,2025-04-18
228,30,11,4,2,32000,25000,64000,50000,14000,2025-09-29
229,83,28,5,1,2999,1800,2999,1800,1199,2025-01-09
230,15,4,3,1,47000,39000,47000,39000,8000,2025-09-25
231,4,15,4,1,22000,15000,22000,15000,7000,2025-12-28
232,76,5,8,3,4999,3500,14997,10500,4497,2025-09-23
233,72,11,1,1,32000,25000,32000,25000,7000,2025-09-15
234,18,25,2,1,7499,4000,7499,4000,3499,2025-12-16
235,19,24,4,2,4499,2500,8998,5000,3998,2025-05-07
236,7,6,4,3,3999,2500,11997,7500,4497,2025-04-18
237,26,22,8,3,3999,2500,11997,7500,4497,2025-07-16
238,98,18,4,2,4999,3000,9998,6000,3998,2025-01-04
239,95,29,2,1,1499,800,1499,800,699,2025-06-16
240,96,30,8,1,1299,600,1299,600,699,2025-03-21
241,57,2,2,1,72000,60000,72000,60000,12000,2025-11-29
242,19,1,3,3,52000,45000,156000,135000,21000,2025-07-12
243,92,29,3,1,1499,800,1499,800,699,2025-04-02
244,80,4,5,3,47000,39000,141000,117000,24000,2025-07-17
245,77,8,4,1,2499,1200,2499,1200,1299,2025-07-16
246,30,6,3,1,3999,2500,3999,2500,1499,2025-03-17
247,20,9,1,2,3499,1800,6998,3600,3398,2025-07-19
248,51,13,2,2,7999,5000,15998,10000,5998,2025-04-18
249,17,30,5,1,1299,600,1299,600,699,2025-01-07
250,13,11,5,2,32000,25000,64000,50000,14000,2025-11-30
251,13,19,4,1,2499,1200,2499,1200,1299,2025-04-30
252,74,26,7,3,36000,28000,108000,84000,24000,2025-05-25
253,45,21,8,2,7999,4000,15998,8000,7998,2025-03-20
254,42,17,8,3,29999,22000,89997,66000,23997,2025-02-16
255,53,30,2,3,1299,600,3897,1800,2097,2025-07-12
256,63,27,8,1,1499,700,1499,700,799,2025-08-06
257,61,30,6,1,1299,600,1299,600,699,2025-09-21
258,97,29,8,2,1499,800,2998,1600,1398,2025-06-08
259,14,22,5,3,3999,2500,11997,7500,4497,2025-01-06
260,58,8,1,3,2499,1200,7497,3600,3897,2025-02-04
261,24,13,3,3,7999,5000,23997,15000,8997,2025-09-16
262,76,11,8,3,32000,25000,96000,75000,21000,2025-04-19
263,53,14,5,2,1999,1200,3998,2400,1598,2025-09-01
264,48,6,2,1,3999,2500,3999,2500,1499,2025-04-10
265,18,1,1,1,52000,45000,52000,45000,7000,2025-07-15
266,78,11,6,1,32000,25000,32000,25000,7000,2025-06-28
267,13,4,1,2,47000,39000,94000,78000,16000,2025-02-22
268,70,9,5,3,3499,1800,10497,5400,5097,2025-07-26
269,72,4,4,1,47000,39000,47000,39000,8000,2025-04-17
270,23,12,5,2,24000,18000,48000,36000,12000,2025-03-11
271,78,25,3,2,7499,4000,14998,8000,6998,2025-05-11
272,59,15,2,2,22000,15000,44000,30000,14000,2025-01-29
273,35,4,1,1,47000,39000,47000,39000,8000,2025-10-10
274,70,16,7,1,5499,3000,5499,3000,2499,2025-05-10
275,27,8,2,2,2499,1200,4998,2400,2598,2025-12-25
276,77,26,2,3,36000,28000,108000,84000,24000,2025-10-19
277,63,20,6,1,6999,3500,6999,3500,3499,2025-10-03
278,30,29,8,1,1499,800,1499,800,699,2025-01-11
279,91,20,4,2,6999,3500,13998,7000,6998,2025-04-13
280,97,3,3,2,50000,42000,100000,84000,16000,2025-12-28
281,86,6,2,3,3999,2500,11997,7500,4497,2025-11-27
282,28,22,3,2,3999,2500,7998,5000,2998,2025-05-29
283,60,7,2,3,3599,2200,10797,6600,4197,2025-12-03
284,96,9,5,2,3499,1800,6998,3600,3398,2025-08-22
285,35,11,2,2,32000,25000,64000,50000,14000,2025-05-12
286,82,26,1,2,36000,28000,72000,56000,16000,2025-04-18
287,25,29,6,2,1499,800,2998,1600,1398,2025-07-20
288,2,20,8,3,6999,3500,20997,10500,10497,2025-08-30
289,71,10,7,2,1199,500,2398,1000,1398,2025-11-04
290,80,24,7,1,4499,2500,4499,2500,1999,2025-08-06
291,78,10,1,1,1199,500,1199,500,699,2025-12-20
292,77,16,2,3,5499,3000,16497,9000,7497,2025-11-06
293,5,9,2,1,3499,1800,3499,1800,1699,2025-03-05
294,93,15,6,2,22000,15000,44000,30000,14000,2025-09-06
295,62,21,3,2,7999,4000,15998,8000,7998,2025-02-03
296,71,13,3,1,7999,5000,7999,5000,2999,2025-08-16
297,63,24,8,1,4499,2500,4499,2500,1999,2025-08-25
298,10,29,8,1,1499,800,1499,800,699,2025-10-17
299,71,20,8,2,6999,3500,13998,7000,6998,2025-03-02
300,26,18,1,1,4999,3000,4999,3000,1999,2025-12-23
301,84,11,6,2,32000,25000,64000,50000,14000,2025-09-29
302,84,21,7,2,7999,4000,15998,8000,7998,2025-01-12
303,28,13,6,2,7999,5000,15998,10000,5998,2025-01-22
304,88,17,2,1,29999,22000,29999,22000,7999,2025-11-10
305,56,19,2,2,2499,1200,4998,2400,2598,2025-02-12
306,26,15,1,1,22000,15000,22000,15000,7000,2025-03-16
307,51,4,7,3,47000,39000,141000,117000,24000,2025-11-04
308,91,18,5,3,4999,3000,14997,9000,5997,2025-07-30
309,37,6,7,1,3999,2500,3999,2500,1499,2025-11-17
310,42,10,6,1,1199,500,1199,500,699,2025-12-01
311,8,3,2,3,50000,42000,150000,126000,24000,2025-04-15
312,34,8,3,3,2499,1200,7497,3600,3897,2025-03-22
313,73,28,6,2,2999,1800,5998,3600,2398,2025-11-22
314,2,7,2,2,3599,2200,7198,4400,2798,2025-07-20
315,31,29,7,3,1499,800,4497,2400,2097,2025-01-13
316,89,11,3,2,32000,25000,64000,50000,14000,2025-02-07
317,12,25,3,3,7499,4000,22497,12000,10497,2025-12-08
318,81,2,1,1,72000,60000,72000,60000,12000,2025-03-18
319,48,12,8,3,24000,18000,72000,54000,18000,2025-09-21
320,3,25,6,1,7499,4000,7499,4000,3499,2025-02-21
321,54,7,3,2,3599,2200,7198,4400,2798,2025-02-18
322,65,28,8,1,2999,1800,2999,1800,1199,2025-02-07
323,100,17,4,1,29999,22000,29999,22000,7999,2025-03-04
324,84,29,2,2,1499,800,2998,1600,1398,2025-12-11
325,16,6,1,1,3999,2500,3999,2500,1499,2025-12-12
326,81,8,6,3,2499,1200,7497,3600,3897,2025-01-31
327,7,20,6,1,6999,3500,6999,3500,3499,2025-02-26
328,62,24,4,3,4499,2500,13497,7500,5997,2025-08-13
329,28,16,3,3,5499,3000,16497,9000,7497,2025-10-02
330,21,28,8,3,2999,1800,8997,5400,3597,2025-01-27
331,89,27,3,3,1499,700,4497,2100,2397,2025-06-29
332,88,14,2,3,1999,1200,5997,3600,2397,2025-07-27
333,33,27,6,2,1499,700,2998,1400,1598,2025-03-15
334,59,18,7,2,4999,3000,9998,6000,3998,2025-02-17
335,74,11,3,1,32000,25000,32000,25000,7000,2025-05-27
336,60,15,6,2,22000,15000,44000,30000,14000,2025-03-06
337,88,8,7,3,2499,1200,7497,3600,3897,2025-01-17
338,75,12,4,3,24000,18000,72000,54000,18000,2025-11-18
339,17,20,5,3,6999,3500,20997,10500,10497,2025-09-15
340,50,23,3,2,9999,6000,19998,12000,7998,2025-08-04
341,55,6,3,2,3999,2500,7998,5000,2998,2025-06-24
342,56,15,5,2,22000,15000,44000,30000,14000,2025-02-10
343,99,8,7,3,2499,1200,7497,3600,3897,2025-04-22
344,46,6,4,2,3999,2500,7998,5000,2998,2025-04-06
345,56,25,7,2,7499,4000,14998,8000,6998,2025-03-03
346,31,4,3,1,47000,39000,47000,39000,8000,2025-03-26
347,39,16,5,1,5499,3000,5499,3000,2499,2025-05-01
348,97,21,3,1,7999,4000,7999,4000,3999,2025-12-02
349,59,4,6,1,47000,39000,47000,39000,8000,2025-05-16
350,3,10,4,1,1199,500,1199,500,699,2025-08-17
351,64,29,7,3,1499,800,4497,2400,2097,2025-04-04
352,61,26,7,1,36000,28000,36000,28000,8000,2025-02-10
353,7,29,1,3,1499,800,4497,2400,2097,2025-05-11
354,67,19,5,1,2499,1200,2499,1200,1299,2025-01-05
355,78,21,4,3,7999,4000,23997,12000,11997,2025-09-14
356,40,15,8,3,22000,15000,66000,45000,21000,2025-10-15
357,50,21,7,1,7999,4000,7999,4000,3999,2025-10-15
358,22,21,7,3,7999,4000,23997,12000,11997,2025-10-29
359,86,17,4,2,29999,22000,59998,44000,15998,2025-01-18
360,44,12,4,1,24000,18000,24000,18000,6000,2025-11-20
361,25,27,1,2,1499,700,2998,1400,1598,2025-10-25
362,7,25,1,3,7499,4000,22497,12000,10497,2025-07-13
363,79,19,6,1,2499,1200,2499,1200,1299,2025-01-21
364,52,14,5,2,1999,1200,3998,2400,1598,2025-11-23
365,12,11,8,3,32000,25000,96000,75000,21000,2025-08-28
366,10,5,4,1,4999,3500,4999,3500,1499,2025-01-24
367,39,28,5,2,2999,1800,5998,3600,2398,2025-09-21
368,29,6,2,1,3999,2500,3999,2500,1499,2025-03-19
369,4,1,3,2,52000,45000,104000,90000,14000,2025-08-31
370,93,13,7,1,7999,5000,7999,5000,2999,2025-04-02
371,1,17,7,3,29999,22000,89997,66000,23997,2025-02-10
372,86,25,8,1,7499,4000,7499,4000,3499,2025-09-16
373,52,19,4,3,2499,1200,7497,3600,3897,2025-11-06
374,25,8,2,2,2499,1200,4998,2400,2598,2025-05-05
375,61,14,7,2,1999,1200,3998,2400,1598,2025-07-02
376,95,26,2,3,36000,28000,108000,84000,24000,2025-11-12
377,70,27,4,3,1499,700,4497,2100,2397,2025-11-08
378,80,18,5,2,4999,3000,9998,6000,3998,2025-12-18
379,32,11,2,1,32000,25000,32000,25000,7000,2025-05-15
380,57,22,2,1,3999,2500,3999,2500,1499,2025-09-22
381,7,17,1,2,29999,22000,59998,44000,15998,2025-05-08
382,86,8,7,1,2499,1200,2499,1200,1299,2025-10-07
383,72,26,3,1,36000,28000,36000,28000,8000,2025-08-07
384,80,28,8,1,2999,1800,2999,1800,1199,2025-03-21
385,6,26,4,1,36000,28000,36000,28000,8000,2025-08-10
386,31,23,7,1,9999,6000,9999,6000,3999,2025-05-14
387,7,2,7,2,72000,60000,144000,120000,24000,2025-01-11
388,53,17,2,3,29999,22000,89997,66000,23997,2025-03-29
389,97,11,4,1,32000,25000,32000,25000,7000,2025-01-24
390,15,22,3,3,3999,2500,11997,7500,4497,2025-04-05
391,54,8,5,1,2499,1200,2499,1200,1299,2025-05-14
392,71,13,8,3,7999,5000,23997,15000,8997,2025-08-20
393,7,2,1,3,72000,60000,216000,180000,36000,2025-02-12
394,7,23,1,3,9999,6000,29997,18000,11997,2025-11-07
395,23,10,6,3,1199,500,3597,1500,2097,2025-04-15
396,56,16,4,2,5499,3000,10998,6000,4998,2025-08-19
397,72,24,4,2,4499,2500,8998,5000,3998,2025-05-20
398,21,9,7,3,3499,1800,10497,5400,5097,2025-07-29
399,46,9,5,3,3499,1800,10497,5400,5097,2025-10-17
400,97,20,7,2,6999,3500,13998,7000,6998,2025-08-10
401,40,6,1,2,3999,2500,7998,5000,2998,2025-07-07
402,11,19,3,2,2499,1200,4998,2400,2598,2025-06-21
403,64,24,1,2,4499,2500,8998,5000,3998,2025-08-20
404,14,24,3,2,4499,2500,8998,5000,3998,2025-12-30
405,50,27,8,3,1499,700,4497,2100,2397,2025-02-23
406,38,15,2,2,22000,15000,44000,30000,14000,2025-01-05
407,19,26,8,3,36000,28000,108000,84000,24000,2025-01-28
408,29,20,4,1,6999,3500,6999,3500,3499,2025-09-17
409,56,10,8,2,1199,500,2398,1000,1398,2025-05-14
410,95,3,8,1,50000,42000,50000,42000,8000,2025-02-03
411,79,27,2,2,1499,700,2998,1400,1598,2025-12-09
412,15,2,1,2,72000,60000,144000,120000,24000,2025-01-11
413,31,23,2,2,9999,6000,19998,12000,7998,2025-01-17
414,20,12,3,1,24000,18000,24000,18000,6000,2025-08-14
415,68,21,6,2,7999,4000,15998,8000,7998,2025-12-16
416,92,12,7,3,24000,18000,72000,54000,18000,2025-09-22
417,63,14,8,2,1999,1200,3998,2400,1598,2025-10-04
418,54,9,4,3,3499,1800,10497,5400,5097,2025-04-22
419,65,5,4,2,4999,3500,9998,7000,2998,2025-06-23
420,28,25,5,3,7499,4000,22497,12000,10497,2025-05-05
421,42,30,1,1,1299,600,1299,600,699,2025-01-20
422,3,10,1,2,1199,500,2398,1000,1398,2025-05-14
423,27,21,8,3,7999,4000,23997,12000,11997,2025-10-15
424,75,15,3,2,22000,15000,44000,30000,14000,2025-04-17
425,40,10,6,3,1199,500,3597,1500,2097,2025-08-09
426,15,29,8,2,1499,800,2998,1600,1398,2025-05-01
427,48,2,5,3,72000,60000,216000,180000,36000,2025-03-13
428,62,18,6,1,4999,3000,4999,3000,1999,2025-03-11
429,7,23,5,2,9999,6000,19998,12000,7998,2025-05-24
430,51,25,2,3,7499,4000,22497,12000,10497,2025-04-14
431,77,22,7,3,3999,2500,11997,7500,4497,2025-07-04
432,91,18,1,1,4999,3000,4999,3000,1999,2025-05-15
433,29,23,1,3,9999,6000,29997,18000,11997,2025-02-23
434,81,8,8,3,2499,1200,7497,3600,3897,2025-04-30
435,60,11,8,1,32000,25000,32000,25000,7000,2025-07-27
436,7,6,1,3,3999,2500,11997,7500,4497,2025-12-24
437,2,20,7,1,6999,3500,6999,3500,3499,2025-07-28
438,61,8,3,1,2499,1200,2499,1200,1299,2025-03-16
439,73,6,5,2,3999,2500,7998,5000,2998,2025-12-07
440,58,25,5,2,7499,4000,14998,8000,6998,2025-11-19
441,41,12,5,2,24000,18000,48000,36000,12000,2025-10-17
442,61,21,5,3,7999,4000,23997,12000,11997,2025-06-12
443,19,27,4,3,1499,700,4497,2100,2397,2025-09-19
444,66,4,1,2,47000,39000,94000,78000,16000,2025-07-25
445,42,17,2,2,29999,22000,59998,44000,15998,2025-08-12
446,78,2,5,2,72000,60000,144000,120000,24000,2025-03-27
447,80,25,8,1,7499,4000,7499,4000,3499,2025-04-20
448,69,15,8,3,22000,15000,66000,45000,21000,2025-10-25
449,64,21,7,2,7999,4000,15998,8000,7998,2025-11-27
450,11,27,4,2,1499,700,2998,1400,1598,2025-04-15
451,36,23,3,3,9999,6000,29997,18000,11997,2025-05-15
452,13,23,1,2,9999,6000,19998,12000,7998,2025-02-25
453,79,24,6,2,4499,2500,8998,5000,3998,2025-09-02
454,12,17,2,2,29999,22000,59998,44000,15998,2025-11-09
455,83,26,4,1,36000,28000,36000,28000,8000,2025-08-09
456,9,7,8,1,3599,2200,3599,2200,1399,2025-04-23
457,40,27,8,1,1499,700,1499,700,799,2025-12-01
458,56,14,7,2,1999,1200,3998,2400,1598,2025-11-13
459,46,22,7,2,3999,2500,7998,5000,2998,2025-02-16
460,64,13,6,1,7999,5000,7999,5000,2999,2025-10-29
461,59,4,8,1,47000,39000,47000,39000,8000,2025-10-09
462,92,2,4,2,72000,60000,144000,120000,24000,2025-04-19
463,54,10,7,2,1199,500,2398,1000,1398,2025-10-10
464,7,30,4,3,1299,600,3897,1800,2097,2025-04-08
465,72,5,4,3,4999,3500,14997,10500,4497,2025-01-02
466,97,10,4,1,1199,500,1199,500,699,2025-12-15
467,20,13,4,3,7999,5000,23997,15000,8997,2025-02-17
468,22,28,6,3,2999,1800,8997,5400,3597,2025-10-18
469,51,22,8,1,3999,2500,3999,2500,1499,2025-09-01
470,41,12,8,2,24000,18000,48000,36000,12000,2025-10-12
471,2,16,3,3,5499,3000,16497,9000,7497,2025-09-19
472,25,17,4,3,29999,22000,89997,66000,23997,2025-08-24
473,63,3,7,2,50000,42000,100000,84000,16000,2025-07-25
474,54,19,1,1,2499,1200,2499,1200,1299,2025-02-17
475,49,27,2,1,1499,700,1499,700,799,2025-10-13
476,2,11,5,2,32000,25000,64000,50000,14000,2025-10-09
477,40,2,6,2,72000,60000,144000,120000,24000,2025-06-06
478,4,8,3,1,2499,1200,2499,1200,1299,2025-09-06
479,24,3,7,3,50000,42000,150000,126000,24000,2025-12-25
480,38,15,8,2,22000,15000,44000,30000,14000,2025-08-18
481,59,4,8,3,47000,39000,141000,117000,24000,2025-06-17
482,54,16,3,2,5499,3000,10998,6000,4998,2025-06-19
483,76,23,6,3,9999,6000,29997,18000,11997,2025-07-27
484,63,20,4,3,6999,3500,20997,10500,10497,2025-01-30
485,85,10,3,1,1199,500,1199,500,699,2025-11-07
486,19,17,6,2,29999,22000,59998,44000,15998,2025-05-16
487,100,15,2,1,22000,15000,22000,15000,7000,2025-07-20
488,6,12,4,2,24000,18000,48000,36000,12000,2025-12-11
489,35,19,2,1,2499,1200,2499,1200,1299,2025-01-01
490,72,3,5,2,50000,42000,100000,84000,16000,2025-09-15
491,77,2,8,2,72000,60000,144000,120000,24000,2025-08-29
492,81,6,6,2,3999,2500,7998,5000,2998,2025-03-10
493,19,22,2,1,3999,2500,3999,2500,1499,2025-02-09
494,65,15,1,1,22000,15000,22000,15000,7000,2025-09-06
495,86,11,1,2,32000,25000,64000,50000,14000,2025-10-20
496,31,8,1,1,2499,1200,2499,1200,1299,2025-03-05
497,69,13,3,2,7999,5000,15998,10000,5998,2025-07-22
498,96,27,6,2,1499,700,2998,1400,1598,2025-09-22
499,7,4,4,3,47000,39000,141000,117000,24000,2025-10-02
500,64,26,6,1,36000,28000,36000,28000,8000,2025-01-18
501,93,7,2,3,3599,2200,10797,6600,4197,2025-03-12
502,57,1,7,2,52000,45000,104000,90000,14000,2025-05-22
503,15,19,8,1,2499,1200,2499,1200,1299,2025-10-25
504,53,7,2,2,3599,2200,7198,4400,2798,2025-01-18
505,77,3,6,3,50000,42000,150000,126000,24000,2025-10-23
506,56,13,7,3,7999,5000,23997,15000,8997,2025-12-01
507,10,8,1,1,2499,1200,2499,1200,1299,2025-07-17
508,7,3,8,1,50000,42000,50000,42000,8000,2025-01-18
509,45,24,5,3,4499,2500,13497,7500,5997,2025-08-06
510,98,17,7,1,29999,22000,29999,22000,7999,2025-07-23
511,14,13,8,3,7999,5000,23997,15000,8997,2025-10-16
512,100,21,6,2,7999,4000,15998,8000,7998,2025-02-25
513,75,13,3,3,7999,5000,23997,15000,8997,2025-08-30
514,45,9,3,3,3499,1800,10497,5400,5097,2025-09-03
515,90,14,6,1,1999,1200,1999,1200,799,2025-03-27
516,82,9,8,3,3499,1800,10497,5400,5097,2025-09-11
517,58,20,6,3,6999,3500,20997,10500,10497,2025-04-27
518,21,30,8,2,1299,600,2598,1200,1398,2025-02-08
519,13,1,5,1,52000,45000,52000,45000,7000,2025-03-07
520,43,30,8,2,1299,600,2598,1200,1398,2025-10-10
521,18,16,4,2,5499,3000,10998,6000,4998,2025-12-12
522,8,30,3,3,1299,600,3897,1800,2097,2025-04-13
523,72,25,4,1,7499,4000,7499,4000,3499,2025-05-22
524,46,16,8,1,5499,3000,5499,3000,2499,2025-10-22
525,72,23,7,1,9999,6000,9999,6000,3999,2025-01-10
526,33,12,8,3,24000,18000,72000,54000,18000,2025-12-31
527,71,21,5,3,7999,4000,23997,12000,11997,2025-11-29
528,55,14,6,1,1999,1200,1999,1200,799,2025-12-06
529,29,22,7,3,3999,2500,11997,7500,4497,2025-06-20
530,55,26,6,1,36000,28000,36000,28000,8000,2025-02-03
531,96,23,7,1,9999,6000,9999,6000,3999,2025-01-15
532,37,26,1,1,36000,28000,36000,28000,8000,2025-02-21
533,14,19,7,2,2499,1200,4998,2400,2598,2025-07-02
534,53,14,8,1,1999,1200,1999,1200,799,2025-07-10
535,25,28,8,3,2999,1800,8997,5400,3597,2025-08-23
536,88,12,1,2,24000,18000,48000,36000,12000,2025-10-28
537,26,27,1,2,1499,700,2998,1400,1598,2025-03-25
538,21,10,6,2,1199,500,2398,1000,1398,2025-05-12
539,82,19,5,3,2499,1200,7497,3600,3897,2025-10-14
540,91,16,6,3,5499,3000,16497,9000,7497,2025-02-19
541,48,26,4,1,36000,28000,36000,28000,8000,2025-12-29
542,69,7,1,1,3599,2200,3599,2200,1399,2025-08-29
543,17,13,7,3,7999,5000,23997,15000,8997,2025-10-29
544,44,1,2,2,52000,45000,104000,90000,14000,2025-11-26
545,39,27,5,2,1499,700,2998,1400,1598,2025-03-11
546,62,18,4,1,4999,3000,4999,3000,1999,2025-05-15
547,46,19,4,2,2499,1200,4998,2400,2598,2025-10-22
548,19,3,2,3,50000,42000,150000,126000,24000,2025-02-18
549,78,2,6,1,72000,60000,72000,60000,12000,2025-10-31
550,93,24,1,2,4499,2500,8998,5000,3998,2025-04-05
551,63,24,5,3,4499,2500,13497,7500,5997,2025-01-13
552,7,11,3,1,32000,25000,32000,25000,7000,2025-09-13
553,23,7,3,3,3599,2200,10797,6600,4197,2025-01-30
554,96,20,6,3,6999,3500,20997,10500,10497,2025-12-19
555,100,13,3,3,7999,5000,23997,15000,8997,2025-09-25
556,88,21,3,2,7999,4000,15998,8000,7998,2025-07-16
557,25,13,8,3,7999,5000,23997,15000,8997,2025-10-29
558,75,15,2,2,22000,15000,44000,30000,14000,2025-05-29
559,21,30,1,3,1299,600,3897,1800,2097,2025-05-11
560,14,11,5,2,32000,25000,64000,50000,14000,2025-10-20
561,49,30,1,3,1299,600,3897,1800,2097,2025-12-09
562,9,11,6,1,32000,25000,32000,25000,7000,2025-04-25
563,100,30,3,1,1299,600,1299,600,699,2025-11-17
564,21,25,7,3,7499,4000,22497,12000,10497,2025-04-17
565,6,26,2,1,36000,28000,36000,28000,8000,2025-04-27
566,96,1,7,2,52000,45000,104000,90000,14000,2025-10-29
567,30,6,4,1,3999,2500,3999,2500,1499,2025-03-04
568,98,8,8,2,2499,1200,4998,2400,2598,2025-04-15
569,8,16,5,3,5499,3000,16497,9000,7497,2025-02-08
570,34,26,2,1,36000,28000,36000,28000,8000,2025-07-28
571,35,17,5,1,29999,22000,29999,22000,7999,2025-12-15
572,5,19,7,1,2499,1200,2499,1200,1299,2025-08-08
573,1,17,7,3,29999,22000,89997,66000,23997,2025-06-02
574,94,25,3,2,7499,4000,14998,8000,6998,2025-10-17
575,98,8,7,3,2499,1200,7497,3600,3897,2025-05-19
576,78,6,6,1,3999,2500,3999,2500,1499,2025-08-16
577,85,11,5,1,32000,25000,32000,25000,7000,2025-01-11
578,27,28,3,3,2999,1800,8997,5400,3597,2025-06-03
579,53,25,3,2,7499,4000,14998,8000,6998,2025-01-04
580,100,13,1,3,7999,5000,23997,15000,8997,2025-10-19
581,36,3,1,1,50000,42000,50000,42000,8000,2025-10-04
582,24,6,1,1,3999,2500,3999,2500,1499,2025-12-28
583,81,11,4,3,32000,25000,96000,75000,21000,2025-08-08
584,9,5,2,2,4999,3500,9998,7000,2998,2025-03-22
585,51,23,3,2,9999,6000,19998,12000,7998,2025-01-15
586,85,2,4,2,72000,60000,144000,120000,24000,2025-05-02
587,29,13,2,1,7999,5000,7999,5000,2999,2025-06-07
588,23,27,1,1,1499,700,1499,700,799,2025-06-20
589,27,10,2,2,1199,500,2398,1000,1398,2025-08-12
590,23,11,1,3,32000,25000,96000,75000,21000,2025-03-14
591,68,5,5,1,4999,3500,4999,3500,1499,2025-11-05
592,26,30,1,3,1299,600,3897,1800,2097,2025-01-28
593,73,20,6,3,6999,3500,20997,10500,10497,2025-07-21
594,9,13,5,2,7999,5000,15998,10000,5998,2025-03-03
595,23,22,4,1,3999,2500,3999,2500,1499,2025-03-18
596,8,18,7,1,4999,3000,4999,3000,1999,2025-09-14
597,22,5,6,2,4999,3500,9998,7000,2998,2025-01-14
598,99,11,4,2,32000,25000,64000,50000,14000,2025-09-26
599,21,3,1,1,50000,42000,50000,42000,8000,2025-12-17
600,71,14,3,3,1999,1200,5997,3600,2397,2025-03-01
601,39,14,7,2,1999,1200,3998,2400,1598,2025-01-02
602,67,13,4,2,7999,5000,15998,10000,5998,2025-07-26
603,49,21,7,1,7999,4000,7999,4000,3999,2025-08-19
604,52,9,8,2,3499,1800,6998,3600,3398,2025-03-28
605,48,13,2,2,7999,5000,15998,10000,5998,2025-10-14
606,66,29,7,2,1499,800,2998,1600,1398,2025-08-23
607,75,11,7,2,32000,25000,64000,50000,14000,2025-09-26
608,84,21,4,2,7999,4000,15998,8000,7998,2025-05-31
609,84,7,3,3,3599,2200,10797,6600,4197,2025-11-24
610,87,1,6,2,52000,45000,104000,90000,14000,2025-08-04
611,32,25,6,2,7499,4000,14998,8000,6998,2025-11-07
612,80,7,1,3,3599,2200,10797,6600,4197,2025-02-14
613,18,29,2,2,1499,800,2998,1600,1398,2025-07-16
614,98,10,8,3,1199,500,3597,1500,2097,2025-04-06
615,91,21,8,2,7999,4000,15998,8000,7998,2025-01-18
616,64,5,7,3,4999,3500,14997,10500,4497,2025-11-17
617,98,8,4,3,2499,1200,7497,3600,3897,2025-08-07
618,10,7,8,3,3599,2200,10797,6600,4197,2025-12-07
619,18,27,7,1,1499,700,1499,700,799,2025-08-14
620,12,15,7,2,22000,15000,44000,30000,14000,2025-08-17
621,50,1,6,2,52000,45000,104000,90000,14000,2025-02-05
622,19,5,4,1,4999,3500,4999,3500,1499,2025-04-02
623,42,19,8,1,2499,1200,2499,1200,1299,2025-05-25
624,92,26,3,3,36000,28000,108000,84000,24000,2025-07-07
625,76,5,1,1,4999,3500,4999,3500,1499,2025-04-28
626,6,20,1,1,6999,3500,6999,3500,3499,2025-01-21
627,60,21,5,3,7999,4000,23997,12000,11997,2025-06-06
628,79,30,7,3,1299,600,3897,1800,2097,2025-01-07
629,49,20,7,2,6999,3500,13998,7000,6998,2025-09-26
630,5,7,7,3,3599,2200,10797,6600,4197,2025-05-10
631,79,3,8,3,50000,42000,150000,126000,24000,2025-06-14
632,16,21,7,2,7999,4000,15998,8000,7998,2025-06-15
633,52,22,1,2,3999,2500,7998,5000,2998,2025-01-06
634,31,14,6,2,1999,1200,3998,2400,1598,2025-02-19
635,46,20,7,2,6999,3500,13998,7000,6998,2025-09-07
636,31,26,4,1,36000,28000,36000,28000,8000,2025-03-05
637,66,24,8,1,4499,2500,4499,2500,1999,2025-04-22
638,48,28,3,3,2999,1800,8997,5400,3597,2025-07-24
639,86,23,2,2,9999,6000,19998,12000,7998,2025-09-27
640,26,14,1,2,1999,1200,3998,2400,1598,2025-04-01
641,54,25,2,2,7499,4000,14998,8000,6998,2025-06-18
642,98,20,7,1,6999,3500,6999,3500,3499,2025-07-19
643,33,28,3,2,2999,1800,5998,3600,2398,2025-08-22
644,86,26,2,1,36000,28000,36000,28000,8000,2025-01-10
645,8,21,6,1,7999,4000,7999,4000,3999,2025-05-13
646,61,29,6,3,1499,800,4497,2400,2097,2025-03-14
647,67,29,4,3,1499,800,4497,2400,2097,2025-06-22
648,59,7,4,2,3599,2200,7198,4400,2798,2025-03-18
649,68,27,2,3,1499,700,4497,2100,2397,2025-06-20
650,19,15,5,2,22000,15000,44000,30000,14000,2025-07-28
651,22,1,1,3,52000,45000,156000,135000,21000,2025-07-30
652,57,16,5,1,5499,3000,5499,3000,2499,2025-02-25
653,76,24,3,3,4499,2500,13497,7500,5997,2025-06-26
654,90,9,6,3,3499,1800,10497,5400,5097,2025-12-04
655,28,5,3,1,4999,3500,4999,3500,1499,2025-10-14
656,27,1,1,2,52000,45000,104000,90000,14000,2025-08-15
657,58,23,2,1,9999,6000,9999,6000,3999,2025-05-04
658,22,28,4,3,2999,1800,8997,5400,3597,2025-04-09
659,23,20,6,2,6999,3500,13998,7000,6998,2025-08-13
660,31,27,7,2,1499,700,2998,1400,1598,2025-12-13
661,85,19,4,3,2499,1200,7497,3600,3897,2025-01-18
662,71,2,6,2,72000,60000,144000,120000,24000,2025-07-05
663,32,16,7,1,5499,3000,5499,3000,2499,2025-04-19
664,35,25,5,1,7499,4000,7499,4000,3499,2025-02-20
665,45,29,3,3,1499,800,4497,2400,2097,2025-08-23
666,25,12,5,3,24000,18000,72000,54000,18000,2025-11-24
667,98,19,8,2,2499,1200,4998,2400,2598,2025-06-29
668,23,17,7,1,29999,22000,29999,22000,7999,2025-09-02
669,8,13,6,1,7999,5000,7999,5000,2999,2025-06-30
670,77,4,6,2,47000,39000,94000,78000,16000,2025-02-17
671,6,18,1,2,4999,3000,9998,6000,3998,2025-08-14
672,82,19,1,3,2499,1200,7497,3600,3897,2025-08-12
673,14,27,7,3,1499,700,4497,2100,2397,2025-07-17
674,30,25,1,2,7499,4000,14998,8000,6998,2025-12-14
675,79,25,6,3,7499,4000,22497,12000,10497,2025-10-23
676,37,7,7,2,3599,2200,7198,4400,2798,2025-11-10
677,47,22,3,3,3999,2500,11997,7500,4497,2025-05-13
678,72,13,5,2,7999,5000,15998,10000,5998,2025-06-11
679,88,18,1,2,4999,3000,9998,6000,3998,2025-07-04
680,39,21,1,3,7999,4000,23997,12000,11997,2025-11-22
681,61,29,2,3,1499,800,4497,2400,2097,2025-01-17
682,59,25,1,3,7499,4000,22497,12000,10497,2025-09-29
683,23,28,8,1,2999,1800,2999,1800,1199,2025-05-20
684,16,16,5,2,5499,3000,10998,6000,4998,2025-08-13
685,54,10,4,2,1199,500,2398,1000,1398,2025-11-01
686,71,25,7,1,7499,4000,7499,4000,3499,2025-11-30
687,13,3,7,3,50000,42000,150000,126000,24000,2025-04-24
688,29,30,6,2,1299,600,2598,1200,1398,2025-02-23
689,100,18,6,2,4999,3000,9998,6000,3998,2025-05-20
690,56,17,3,1,29999,22000,29999,22000,7999,2025-03-17
691,73,13,4,2,7999,5000,15998,10000,5998,2025-03-28
692,78,16,2,2,5499,3000,10998,6000,4998,2025-09-19
693,52,18,3,1,4999,3000,4999,3000,1999,2025-11-13
694,3,10,4,2,1199,500,2398,1000,1398,2025-12-10
695,32,6,6,2,3999,2500,7998,5000,2998,2025-11-20
696,48,1,1,2,52000,45000,104000,90000,14000,2025-05-19
697,38,21,2,3,7999,4000,23997,12000,11997,2025-04-16
698,71,3,4,1,50000,42000,50000,42000,8000,2025-05-22
699,1,11,8,3,32000,25000,96000,75000,21000,2025-05-02
700,58,20,1,1,6999,3500,6999,3500,3499,2025-06-07
701,88,21,2,2,7999,4000,15998,8000,7998,2025-10-03
702,44,21,7,3,7999,4000,23997,12000,11997,2025-09-27
703,39,7,8,3,3599,2200,10797,6600,4197,2025-10-08
704,44,29,6,1,1499,800,1499,800,699,2025-05-09
705,21,3,5,2,50000,42000,100000,84000,16000,2025-07-05
706,48,5,4,3,4999,3500,14997,10500,4497,2025-04-12
707,12,5,8,3,4999,3500,14997,10500,4497,2025-04-13
708,71,5,1,2,4999,3500,9998,7000,2998,2025-11-22
709,69,24,3,1,4499,2500,4499,2500,1999,2025-11-28
710,22,22,1,2,3999,2500,7998,5000,2998,2025-05-23
711,26,16,4,2,5499,3000,10998,6000,4998,2025-10-31
712,14,26,8,2,36000,28000,72000,56000,16000,2025-06-17
713,17,27,6,3,1499,700,4497,2100,2397,2025-03-15
714,54,16,5,3,5499,3000,16497,9000,7497,2025-12-17
715,45,2,6,2,72000,60000,144000,120000,24000,2025-08-05
716,47,25,6,1,7499,4000,7499,4000,3499,2025-03-05
717,7,15,4,1,22000,15000,22000,15000,7000,2025-07-02
718,7,15,3,2,22000,15000,44000,30000,14000,2025-10-25
719,41,30,3,2,1299,600,2598,1200,1398,2025-09-07
720,94,27,3,1,1499,700,1499,700,799,2025-08-15
721,37,10,5,1,1199,500,1199,500,699,2025-02-16
722,39,29,8,3,1499,800,4497,2400,2097,2025-10-13
723,80,1,8,1,52000,45000,52000,45000,7000,2025-07-03
724,35,4,3,1,47000,39000,47000,39000,8000,2025-03-14
725,47,6,4,2,3999,2500,7998,5000,2998,2025-07-25
726,8,7,8,3,3599,2200,10797,6600,4197,2025-10-02
727,67,20,8,3,6999,3500,20997,10500,10497,2025-07-20
728,3,25,1,1,7499,4000,7499,4000,3499,2025-01-03
729,8,24,2,3,4499,2500,13497,7500,5997,2025-08-28
730,78,29,5,3,1499,800,4497,2400,2097,2025-06-28
731,20,22,6,3,3999,2500,11997,7500,4497,2025-10-24
732,74,3,1,3,50000,42000,150000,126000,24000,2025-12-25
733,65,21,4,2,7999,4000,15998,8000,7998,2025-11-10
734,32,9,7,1,3499,1800,3499,1800,1699,2025-12-23
735,96,18,6,2,4999,3000,9998,6000,3998,2025-07-01
736,60,26,4,2,36000,28000,72000,56000,16000,2025-12-13
737,59,3,7,2,50000,42000,100000,84000,16000,2025-07-10
738,7,28,7,2,2999,1800,5998,3600,2398,2025-10-30
739,22,29,6,3,1499,800,4497,2400,2097,2025-05-11
740,5,27,7,3,1499,700,4497,2100,2397,2025-12-05
741,59,24,7,3,4499,2500,13497,7500,5997,2025-07-23
742,54,3,6,1,50000,42000,50000,42000,8000,2025-06-09
743,42,14,8,1,1999,1200,1999,1200,799,2025-07-31
744,61,18,7,3,4999,3000,14997,9000,5997,2025-06-08
745,74,20,6,1,6999,3500,6999,3500,3499,2025-03-28
746,56,24,4,2,4499,2500,8998,5000,3998,2025-06-29
747,76,28,6,3,2999,1800,8997,5400,3597,2025-05-05
748,7,30,8,2,1299,600,2598,1200,1398,2025-07-28
749,89,26,5,2,36000,28000,72000,56000,16000,2025-08-02
750,22,29,6,3,1499,800,4497,2400,2097,2025-01-30
751,64,16,2,3,5499,3000,16497,9000,7497,2025-03-16
752,73,8,2,3,2499,1200,7497,3600,3897,2025-08-03
753,58,12,3,1,24000,18000,24000,18000,6000,2025-05-09
754,100,28,5,3,2999,1800,8997,5400,3597,2025-11-28
755,24,21,1,2,7999,4000,15998,8000,7998,2025-11-13
756,26,23,5,2,9999,6000,19998,12000,7998,2025-07-03
757,94,25,7,3,7499,4000,22497,12000,10497,2025-02-05
758,32,16,6,3,5499,3000,16497,9000,7497,2025-06-14
759,39,19,4,1,2499,1200,2499,1200,1299,2025-09-16
760,5,22,7,2,3999,2500,7998,5000,2998,2025-08-06
761,51,13,4,1,7999,5000,7999,5000,2999,2025-06-23
762,45,19,7,3,2499,1200,7497,3600,3897,2025-02-13
763,16,13,1,3,7999,5000,23997,15000,8997,2025-09-18
764,50,22,6,2,3999,2500,7998,5000,2998,2025-03-02
765,32,4,7,2,47000,39000,94000,78000,16000,2025-12-03
766,53,23,2,1,9999,6000,9999,6000,3999,2025-08-21
767,96,5,4,2,4999,3500,9998,7000,2998,2025-04-07
768,65,6,4,3,3999,2500,11997,7500,4497,2025-03-04
769,43,5,4,3,4999,3500,14997,10500,4497,2025-10-01
770,68,24,4,1,4499,2500,4499,2500,1999,2025-05-11
771,5,20,4,2,6999,3500,13998,7000,6998,2025-05-31
772,63,1,7,1,52000,45000,52000,45000,7000,2025-07-22
773,50,4,8,2,47000,39000,94000,78000,16000,2025-03-18
774,50,6,6,2,3999,2500,7998,5000,2998,2025-03-11
775,31,15,3,2,22000,15000,44000,30000,14000,2025-07-17
776,59,15,2,3,22000,15000,66000,45000,21000,2025-07-26
777,100,27,8,1,1499,700,1499,700,799,2025-12-11
778,2,20,4,1,6999,3500,6999,3500,3499,2025-02-27
779,15,8,1,3,2499,1200,7497,3600,3897,2025-02-07
780,53,1,7,3,52000,45000,156000,135000,21000,2025-04-08
781,81,1,6,2,52000,45000,104000,90000,14000,2025-10-06
782,44,18,7,3,4999,3000,14997,9000,5997,2025-03-15
783,55,8,7,1,2499,1200,2499,1200,1299,2025-04-08
784,45,28,2,3,2999,1800,8997,5400,3597,2025-07-04
785,78,29,7,2,1499,800,2998,1600,1398,2025-02-09
786,7,24,1,2,4499,2500,8998,5000,3998,2025-10-24
787,8,22,6,1,3999,2500,3999,2500,1499,2025-08-15
788,93,7,2,1,3599,2200,3599,2200,1399,2025-03-28
789,40,12,6,3,24000,18000,72000,54000,18000,2025-06-03
790,95,13,5,2,7999,5000,15998,10000,5998,2025-10-10
791,35,9,6,1,3499,1800,3499,1800,1699,2025-12-10
792,74,22,7,2,3999,2500,7998,5000,2998,2025-05-14
793,92,30,5,3,1299,600,3897,1800,2097,2025-03-27
794,39,11,3,3,32000,25000,96000,75000,21000,2025-03-20
795,66,28,2,3,2999,1800,8997,5400,3597,2025-09-12
796,86,30,7,1,1299,600,1299,600,699,2025-10-25
797,2,20,7,2,6999,3500,13998,7000,6998,2025-07-28
798,62,14,6,3,1999,1200,5997,3600,2397,2025-04-03
799,10,9,1,3,3499,1800,10497,5400,5097,2025-10-29
800,21,27,5,2,1499,700,2998,1400,1598,2025-08-10
801,21,28,5,1,2999,1800,2999,1800,1199,2025-06-12
802,20,15,2,3,22000,15000,66000,45000,21000,2025-03-30
803,61,13,5,2,7999,5000,15998,10000,5998,2025-10-02
804,71,29,2,3,1499,800,4497,2400,2097,2025-03-13
805,74,17,5,1,29999,22000,29999,22000,7999,2025-10-30
806,3,19,3,2,2499,1200,4998,2400,2598,2025-06-22
807,17,24,1,2,4499,2500,8998,5000,3998,2025-09-27
808,46,28,5,1,2999,1800,2999,1800,1199,2025-08-28
809,96,18,5,2,4999,3000,9998,6000,3998,2025-10-07
810,68,27,8,1,1499,700,1499,700,799,2025-05-23
811,62,3,3,1,50000,42000,50000,42000,8000,2025-03-13
812,81,22,5,2,3999,2500,7998,5000,2998,2025-07-21
813,93,4,5,2,47000,39000,94000,78000,16000,2025-05-10
814,44,17,8,1,29999,22000,29999,22000,7999,2025-07-31
815,17,15,5,1,22000,15000,22000,15000,7000,2025-12-02
816,89,15,7,1,22000,15000,22000,15000,7000,2025-07-14
817,30,21,1,3,7999,4000,23997,12000,11997,2025-12-27
818,14,2,6,2,72000,60000,144000,120000,24000,2025-06-30
819,17,23,5,3,9999,6000,29997,18000,11997,2025-12-28
820,47,15,5,1,22000,15000,22000,15000,7000,2025-09-08
821,98,4,1,2,47000,39000,94000,78000,16000,2025-06-18
822,81,20,2,1,6999,3500,6999,3500,3499,2025-07-29
823,2,25,3,3,7499,4000,22497,12000,10497,2025-06-29
824,34,8,8,2,2499,1200,4998,2400,2598,2025-08-08
825,11,26,1,2,36000,28000,72000,56000,16000,2025-11-21
826,86,5,1,1,4999,3500,4999,3500,1499,2025-05-18
827,8,27,2,2,1499,700,2998,1400,1598,2025-12-31
828,97,5,3,3,4999,3500,14997,10500,4497,2025-04-25
829,79,12,2,1,24000,18000,24000,18000,6000,2025-10-08
830,93,28,6,3,2999,1800,8997,5400,3597,2025-10-08
831,59,1,1,2,52000,45000,104000,90000,14000,2025-06-07
832,76,21,2,2,7999,4000,15998,8000,7998,2025-03-26
833,16,23,7,3,9999,6000,29997,18000,11997,2025-08-21
834,6,6,7,3,3999,2500,11997,7500,4497,2025-04-19
835,60,3,6,3,50000,42000,150000,126000,24000,2025-06-13
836,25,11,1,1,32000,25000,32000,25000,7000,2025-01-29
837,41,8,5,3,2499,1200,7497,3600,3897,2025-05-16
838,52,12,7,3,24000,18000,72000,54000,18000,2025-07-05
839,97,29,1,3,1499,800,4497,2400,2097,2025-02-19
840,100,1,6,3,52000,45000,156000,135000,21000,2025-08-13
841,4,10,2,2,1199,500,2398,1000,1398,2025-06-03
842,12,14,3,2,1999,1200,3998,2400,1598,2025-10-22
843,10,16,7,3,5499,3000,16497,9000,7497,2025-05-27
844,41,16,5,2,5499,3000,10998,6000,4998,2025-12-23
845,44,10,3,1,1199,500,1199,500,699,2025-04-15
846,78,2,5,2,72000,60000,144000,120000,24000,2025-10-08
847,95,13,2,2,7999,5000,15998,10000,5998,2025-12-22
848,45,12,8,3,24000,18000,72000,54000,18000,2025-05-28
849,2,7,4,1,3599,2200,3599,2200,1399,2025-06-30
850,80,19,8,3,2499,1200,7497,3600,3897,2025-02-19
851,74,5,3,2,4999,3500,9998,7000,2998,2025-02-21
852,81,8,3,1,2499,1200,2499,1200,1299,2025-04-10
853,61,3,1,3,50000,42000,150000,126000,24000,2025-04-28
854,36,13,8,3,7999,5000,23997,15000,8997,2025-08-10
855,97,19,8,1,2499,1200,2499,1200,1299,2025-05-24
856,16,18,2,1,4999,3000,4999,3000,1999,2025-06-20
857,34,6,5,2,3999,2500,7998,5000,2998,2025-07-13
858,14,3,7,1,50000,42000,50000,42000,8000,2025-09-06
859,76,7,8,3,3599,2200,10797,6600,4197,2025-03-23
860,7,8,2,3,2499,1200,7497,3600,3897,2025-04-20
861,53,30,7,1,1299,600,1299,600,699,2025-01-22
862,71,16,1,3,5499,3000,16497,9000,7497,2025-05-04
863,85,16,4,2,5499,3000,10998,6000,4998,2025-09-08
864,80,21,4,2,7999,4000,15998,8000,7998,2025-06-24
865,29,27,5,3,1499,700,4497,2100,2397,2025-06-29
866,47,17,2,2,29999,22000,59998,44000,15998,2025-05-05
867,2,9,4,1,3499,1800,3499,1800,1699,2025-07-19
868,33,7,6,1,3599,2200,3599,2200,1399,2025-12-09
869,13,29,6,2,1499,800,2998,1600,1398,2025-12-27
870,48,7,7,2,3599,2200,7198,4400,2798,2025-07-08
871,18,27,7,1,1499,700,1499,700,799,2025-03-02
872,65,19,7,3,2499,1200,7497,3600,3897,2025-01-09
873,46,29,6,1,1499,800,1499,800,699,2025-11-06
874,49,5,8,3,4999,3500,14997,10500,4497,2025-04-14
875,63,19,8,3,2499,1200,7497,3600,3897,2025-09-15
876,59,11,5,1,32000,25000,32000,25000,7000,2025-05-03
877,35,24,4,3,4499,2500,13497,7500,5997,2025-05-05
878,4,29,5,1,1499,800,1499,800,699,2025-11-30
879,22,25,6,3,7499,4000,22497,12000,10497,2025-08-19
880,39,28,5,3,2999,1800,8997,5400,3597,2025-07-14
881,49,1,7,3,52000,45000,156000,135000,21000,2025-10-22
882,77,22,8,1,3999,2500,3999,2500,1499,2025-08-30
883,43,8,7,3,2499,1200,7497,3600,3897,2025-11-02
884,60,6,7,2,3999,2500,7998,5000,2998,2025-09-10
885,91,9,6,1,3499,1800,3499,1800,1699,2025-01-31
886,43,9,8,2,3499,1800,6998,3600,3398,2025-12-02
887,18,3,8,3,50000,42000,150000,126000,24000,2025-10-27
888,19,2,5,3,72000,60000,216000,180000,36000,2025-03-12
889,36,21,4,3,7999,4000,23997,12000,11997,2025-10-10
890,94,30,2,1,1299,600,1299,600,699,2025-06-20
891,78,12,8,2,24000,18000,48000,36000,12000,2025-07-09
892,71,10,1,2,1199,500,2398,1000,1398,2025-07-20
893,37,6,5,1,3999,2500,3999,2500,1499,2025-04-23
894,38,5,4,3,4999,3500,14997,10500,4497,2025-02-15
895,7,20,1,2,6999,3500,13998,7000,6998,2025-03-08
896,5,6,8,1,3999,2500,3999,2500,1499,2025-03-13
897,86,21,8,2,7999,4000,15998,8000,7998,2025-08-06
898,51,14,1,3,1999,1200,5997,3600,2397,2025-08-12
899,99,9,2,1,3499,1800,3499,1800,1699,2025-10-23
900,54,27,7,3,1499,700,4497,2100,2397,2025-09-08
901,9,9,4,3,3499,1800,10497,5400,5097,2025-02-20
902,43,12,4,2,24000,18000,48000,36000,12000,2025-10-10
903,26,17,6,1,29999,22000,29999,22000,7999,2025-07-13
904,7,20,5,2,6999,3500,13998,7000,6998,2025-06-18
905,20,25,7,3,7499,4000,22497,12000,10497,2025-01-19
906,30,22,5,3,3999,2500,11997,7500,4497,2025-01-26
907,37,10,8,1,1199,500,1199,500,699,2025-01-01
908,39,25,4,2,7499,4000,14998,8000,6998,2025-10-19
909,18,3,6,3,50000,42000,150000,126000,24000,2025-11-05
910,84,6,2,1,3999,2500,3999,2500,1499,2025-10-08
911,33,27,7,2,1499,700,2998,1400,1598,2025-12-09
912,78,16,8,2,5499,3000,10998,6000,4998,2025-03-24
913,55,8,5,2,2499,1200,4998,2400,2598,2025-07-30
914,23,21,3,3,7999,4000,23997,12000,11997,2025-02-28
915,63,21,3,1,7999,4000,7999,4000,3999,2025-03-07
916,56,22,5,3,3999,2500,11997,7500,4497,2025-09-13
917,3,6,4,3,3999,2500,11997,7500,4497,2025-04-28
918,65,27,2,3,1499,700,4497,2100,2397,2025-03-28
919,2,21,4,3,7999,4000,23997,12000,11997,2025-07-15
920,52,3,3,2,50000,42000,100000,84000,16000,2025-03-12
921,37,29,6,3,1499,800,4497,2400,2097,2025-08-18
922,37,26,2,2,36000,28000,72000,56000,16000,2025-10-02
923,14,5,3,1,4999,3500,4999,3500,1499,2025-12-14
924,96,18,1,3,4999,3000,14997,9000,5997,2025-09-10
925,26,12,8,1,24000,18000,24000,18000,6000,2025-11-11
926,25,24,3,1,4499,2500,4499,2500,1999,2025-07-12
927,13,14,2,2,1999,1200,3998,2400,1598,2025-05-13
928,15,12,6,2,24000,18000,48000,36000,12000,2025-09-04
929,79,30,5,3,1299,600,3897,1800,2097,2025-01-02
930,13,17,2,3,29999,22000,89997,66000,23997,2025-10-25
931,77,22,8,3,3999,2500,11997,7500,4497,2025-01-23
932,11,16,1,3,5499,3000,16497,9000,7497,2025-11-26
933,63,29,4,1,1499,800,1499,800,699,2025-02-10
934,37,22,3,3,3999,2500,11997,7500,4497,2025-09-27
935,93,7,7,2,3599,2200,7198,4400,2798,2025-12-14
936,17,2,7,3,72000,60000,216000,180000,36000,2025-10-28
937,96,13,5,2,7999,5000,15998,10000,5998,2025-08-22
938,73,20,2,2,6999,3500,13998,7000,6998,2025-05-31
939,96,13,8,2,7999,5000,15998,10000,5998,2025-01-16
940,32,24,3,3,4499,2500,13497,7500,5997,2025-02-09
941,46,13,1,2,7999,5000,15998,10000,5998,2025-02-27
942,4,5,1,2,4999,3500,9998,7000,2998,2025-06-28
943,69,3,1,3,50000,42000,150000,126000,24000,2025-02-04
944,39,13,6,2,7999,5000,15998,10000,5998,2025-11-25
945,12,15,6,3,22000,15000,66000,45000,21000,2025-01-31
946,88,22,3,3,3999,2500,11997,7500,4497,2025-05-23
947,8,23,3,1,9999,6000,9999,6000,3999,2025-04-22
948,65,16,7,2,5499,3000,10998,6000,4998,2025-03-24
949,20,20,6,2,6999,3500,13998,7000,6998,2025-11-03
950,66,15,1,1,22000,15000,22000,15000,7000,2025-08-22
951,92,12,1,3,24000,18000,72000,54000,18000,2025-05-01
952,28,12,2,1,24000,18000,24000,18000,6000,2025-09-25
953,58,2,3,2,72000,60000,144000,120000,24000,2025-12-08
954,62,27,2,3,1499,700,4497,2100,2397,2025-05-13
955,67,19,7,2,2499,1200,4998,2400,2598,2025-08-09
956,23,20,2,2,6999,3500,13998,7000,6998,2025-10-20
957,56,25,1,3,7499,4000,22497,12000,10497,2025-02-12
958,44,12,5,1,24000,18000,24000,18000,6000,2025-08-28
959,36,13,6,2,7999,5000,15998,10000,5998,2025-02-17
960,73,7,8,1,3599,2200,3599,2200,1399,2025-10-30
961,65,22,5,2,3999,2500,7998,5000,2998,2025-02-06
962,4,3,5,1,50000,42000,50000,42000,8000,2025-01-16
963,7,20,4,2,6999,3500,13998,7000,6998,2025-04-18
964,29,16,6,3,5499,3000,16497,9000,7497,2025-09-19
965,87,7,4,2,3599,2200,7198,4400,2798,2025-06-24
966,95,17,1,3,29999,22000,89997,66000,23997,2025-01-09
967,29,3,5,3,50000,42000,150000,126000,24000,2025-11-16
968,19,27,1,1,1499,700,1499,700,799,2025-10-10
969,6,18,3,2,4999,3000,9998,6000,3998,2025-10-25
970,37,10,1,1,1199,500,1199,500,699,2025-08-02
971,52,19,5,1,2499,1200,2499,1200,1299,2025-08-28
972,79,7,2,3,3599,2200,10797,6600,4197,2025-05-13
973,15,24,3,1,4499,2500,4499,2500,1999,2025-08-15
974,67,14,4,3,1999,1200,5997,3600,2397,2025-11-18
975,34,6,8,2,3999,2500,7998,5000,2998,2025-02-21
976,2,22,4,3,3999,2500,11997,7500,4497,2025-10-10
977,18,5,8,1,4999,3500,4999,3500,1499,2025-06-18
978,45,17,3,2,29999,22000,59998,44000,15998,2025-07-29
979,49,19,5,2,2499,1200,4998,2400,2598,2025-08-24
980,59,6,7,3,3999,2500,11997,7500,4497,2025-05-21
981,59,7,3,1,3599,2200,3599,2200,1399,2025-10-23
982,42,11,7,3,32000,25000,96000,75000,21000,2025-01-16
983,51,15,7,2,22000,15000,44000,30000,14000,2025-10-25
984,20,15,5,1,22000,15000,22000,15000,7000,2025-06-08
985,66,12,5,1,24000,18000,24000,18000,6000,2025-08-31
986,34,10,5,2,1199,500,2398,1000,1398,2025-10-03
987,61,8,7,2,2499,1200,4998,2400,2598,2025-06-02
988,94,6,2,2,3999,2500,7998,5000,2998,2025-07-15
989,61,20,8,2,6999,3500,13998,7000,6998,2025-07-23
990,18,26,3,3,36000,28000,108000,84000,24000,2025-06-18
991,57,15,3,1,22000,15000,22000,15000,7000,2025-01-21
992,33,14,5,1,1999,1200,1999,1200,799,2025-09-10
993,27,11,4,1,32000,25000,32000,25000,7000,2025-03-30
994,16,24,8,1,4499,2500,4499,2500,1999,2025-03-09
995,59,8,6,2,2499,1200,4998,2400,2598,2025-04-15
996,52,7,6,1,3599,2200,3599,2200,1399,2025-04-11
997,83,6,2,1,3999,2500,3999,2500,1499,2025-02-18
998,60,22,5,1,3999,2500,3999,2500,1499,2025-07-17
999,20,2,4,2,72000,60000,144000,120000,24000,2025-02-16
1000,25,6,3,1,3999,2500,3999,2500,1499,2025-12-21
1001,68,27,1,1,1499,700,1499,700,799,2025-11-06
1002,41,3,6,1,50000,42000,50000,42000,8000,2025-04-27
1003,76,26,1,3,36000,28000,108000,84000,24000,2025-05-07
1004,52,14,8,2,1999,1200,3998,2400,1598,2025-09-11
1005,62,24,8,2,4499,2500,8998,5000,3998,2025-04-03
1006,60,14,1,1,1999,1200,1999,1200,799,2025-12-25
1007,6,16,7,3,5499,3000,16497,9000,7497,2025-10-26
1008,91,6,7,3,3999,2500,11997,7500,4497,2025-12-28
1009,11,19,8,1,2499,1200,2499,1200,1299,2025-07-28
1010,19,28,8,1,2999,1800,2999,1800,1199,2025-05-28
1011,78,26,7,3,36000,28000,108000,84000,24000,2025-08-02
1012,28,2,4,3,72000,60000,216000,180000,36000,2025-07-12
1013,55,22,4,1,3999,2500,3999,2500,1499,2025-12-22
1014,11,27,1,1,1499,700,1499,700,799,2025-04-15
1015,44,27,4,3,1499,700,4497,2100,2397,2025-01-22
1016,90,18,5,3,4999,3000,14997,9000,5997,2025-01-21
1017,78,16,8,1,5499,3000,5499,3000,2499,2025-11-10
1018,84,29,2,2,1499,800,2998,1600,1398,2025-07-17
1019,9,17,1,3,29999,22000,89997,66000,23997,2025-08-11
1020,57,11,2,1,32000,25000,32000,25000,7000,2025-08-12
1021,79,29,4,1,1499,800,1499,800,699,2025-06-01
1022,13,2,4,3,72000,60000,216000,180000,36000,2025-05-31
1023,6,14,8,1,1999,1200,1999,1200,799,2025-01-01
1024,80,6,8,1,3999,2500,3999,2500,1499,2025-07-09
1025,69,3,1,3,50000,42000,150000,126000,24000,2025-12-24
1026,99,19,6,2,2499,1200,4998,2400,2598,2025-07-22
1027,39,19,1,2,2499,1200,4998,2400,2598,2025-02-06
1028,93,3,4,1,50000,42000,50000,42000,8000,2025-08-02
1029,60,4,1,2,47000,39000,94000,78000,16000,2025-12-09
1030,25,6,3,1,3999,2500,3999,2500,1499,2025-03-27
1031,42,2,5,1,72000,60000,72000,60000,12000,2025-12-17
1032,78,13,5,2,7999,5000,15998,10000,5998,2025-10-13
1033,93,15,6,3,22000,15000,66000,45000,21000,2025-01-09
1034,61,30,2,1,1299,600,1299,600,699,2025-10-04
1035,79,24,4,2,4499,2500,8998,5000,3998,2025-09-03
1036,71,15,1,1,22000,15000,22000,15000,7000,2025-07-02
1037,28,13,4,2,7999,5000,15998,10000,5998,2025-01-30
1038,91,8,3,2,2499,1200,4998,2400,2598,2025-01-03
1039,2,2,2,1,72000,60000,72000,60000,12000,2025-12-01
1040,71,8,2,2,2499,1200,4998,2400,2598,2025-06-06
1041,72,6,7,3,3999,2500,11997,7500,4497,2025-12-10
1042,40,2,3,3,72000,60000,216000,180000,36000,2025-08-13
1043,5,9,5,3,3499,1800,10497,5400,5097,2025-12-13
1044,66,29,5,2,1499,800,2998,1600,1398,2025-11-10
1045,1,22,8,3,3999,2500,11997,7500,4497,2025-08-29
1046,79,19,2,1,2499,1200,2499,1200,1299,2025-02-09
1047,45,22,7,1,3999,2500,3999,2500,1499,2025-06-09
1048,23,20,4,3,6999,3500,20997,10500,10497,2025-09-19
1049,90,10,5,1,1199,500,1199,500,699,2025-04-14
1050,61,24,1,1,4499,2500,4499,2500,1999,2025-01-17
1051,97,19,3,2,2499,1200,4998,2400,2598,2025-03-20
1052,15,6,4,2,3999,2500,7998,5000,2998,2025-06-13
1053,92,15,1,2,22000,15000,44000,30000,14000,2025-01-30
1054,86,4,1,1,47000,39000,47000,39000,8000,2025-05-08
1055,28,16,3,2,5499,3000,10998,6000,4998,2025-11-20
1056,25,19,1,2,2499,1200,4998,2400,2598,2025-06-20
1057,82,4,2,1,47000,39000,47000,39000,8000,2025-09-01
1058,57,29,5,1,1499,800,1499,800,699,2025-06-11
1059,60,26,1,3,36000,28000,108000,84000,24000,2025-06-10
1060,27,3,5,3,50000,42000,150000,126000,24000,2025-04-09
1061,54,18,3,2,4999,3000,9998,6000,3998,2025-09-29
1062,43,4,6,1,47000,39000,47000,39000,8000,2025-01-31
1063,37,22,3,3,3999,2500,11997,7500,4497,2025-02-18
1064,87,14,1,2,1999,1200,3998,2400,1598,2025-09-28
1065,8,1,5,1,52000,45000,52000,45000,7000,2025-06-26
1066,15,7,3,2,3599,2200,7198,4400,2798,2025-04-02
1067,79,14,3,2,1999,1200,3998,2400,1598,2025-02-06
1068,41,22,2,3,3999,2500,11997,7500,4497,2025-01-11
1069,12,15,1,2,22000,15000,44000,30000,14000,2025-01-18
1070,18,26,2,2,36000,28000,72000,56000,16000,2025-01-21
1071,39,25,3,1,7499,4000,7499,4000,3499,2025-08-30
1072,32,13,4,3,7999,5000,23997,15000,8997,2025-09-01
1073,81,20,3,2,6999,3500,13998,7000,6998,2025-02-08
1074,25,21,4,1,7999,4000,7999,4000,3999,2025-08-14
1075,34,16,6,2,5499,3000,10998,6000,4998,2025-07-11
1076,13,16,5,1,5499,3000,5499,3000,2499,2025-06-19
1077,91,17,4,1,29999,22000,29999,22000,7999,2025-10-26
1078,83,23,4,3,9999,6000,29997,18000,11997,2025-05-11
1079,81,12,6,1,24000,18000,24000,18000,6000,2025-08-31
1080,16,6,6,2,3999,2500,7998,5000,2998,2025-01-15
1081,100,23,2,2,9999,6000,19998,12000,7998,2025-06-28
1082,48,28,1,2,2999,1800,5998,3600,2398,2025-03-21
1083,58,16,8,2,5499,3000,10998,6000,4998,2025-10-13
1084,26,13,4,2,7999,5000,15998,10000,5998,2025-12-22
1085,99,8,8,3,2499,1200,7497,3600,3897,2025-01-12
1086,35,19,3,2,2499,1200,4998,2400,2598,2025-12-06
1087,78,2,8,2,72000,60000,144000,120000,24000,2025-12-09
1088,1,4,3,1,47000,39000,47000,39000,8000,2025-07-24
1089,92,30,1,1,1299,600,1299,600,699,2025-10-14
1090,36,26,4,2,36000,28000,72000,56000,16000,2025-12-18
1091,13,6,1,2,3999,2500,7998,5000,2998,2025-08-05
1092,20,14,4,3,1999,1200,5997,3600,2397,2025-07-06
1093,25,11,7,2,32000,25000,64000,50000,14000,2025-02-25
1094,96,1,8,1,52000,45000,52000,45000,7000,2025-07-09
1095,70,30,5,2,1299,600,2598,1200,1398,2025-06-12
1096,100,29,7,2,1499,800,2998,1600,1398,2025-09-29
1097,87,24,2,3,4499,2500,13497,7500,5997,2025-12-29
1098,77,17,8,1,29999,22000,29999,22000,7999,2025-05-23
1099,58,16,7,2,5499,3000,10998,6000,4998,2025-01-23
1100,58,26,7,1,36000,28000,36000,28000,8000,2025-12-09
1101,63,23,3,2,9999,6000,19998,12000,7998,2025-02-07
1102,45,12,6,3,24000,18000,72000,54000,18000,2025-12-17
1103,55,24,2,1,4499,2500,4499,2500,1999,2025-02-19
1104,90,7,6,2,3599,2200,7198,4400,2798,2025-05-22
1105,83,14,8,2,1999,1200,3998,2400,1598,2025-05-12
1106,34,2,5,1,72000,60000,72000,60000,12000,2025-03-09
1107,74,29,5,3,1499,800,4497,2400,2097,2025-12-06
1108,85,20,1,3,6999,3500,20997,10500,10497,2025-07-14
1109,95,28,3,3,2999,1800,8997,5400,3597,2025-11-17
1110,64,8,1,3,2499,1200,7497,3600,3897,2025-03-13
1111,68,17,2,3,29999,22000,89997,66000,23997,2025-07-11
1112,46,21,1,2,7999,4000,15998,8000,7998,2025-04-05
1113,37,30,1,3,1299,600,3897,1800,2097,2025-12-17
1114,59,14,8,2,1999,1200,3998,2400,1598,2025-08-15
1115,63,13,4,3,7999,5000,23997,15000,8997,2025-10-09
1116,63,24,7,3,4499,2500,13497,7500,5997,2025-01-26
1117,68,4,4,3,47000,39000,141000,117000,24000,2025-07-28
1118,22,25,5,1,7499,4000,7499,4000,3499,2025-05-07
1119,30,30,2,1,1299,600,1299,600,699,2025-11-07
1120,90,11,4,1,32000,25000,32000,25000,7000,2025-05-07
1121,15,15,8,3,22000,15000,66000,45000,21000,2025-07-17
1122,59,12,3,1,24000,18000,24000,18000,6000,2025-08-16
1123,82,5,8,3,4999,3500,14997,10500,4497,2025-07-26
1124,89,28,3,1,2999,1800,2999,1800,1199,2025-04-06
1125,1,13,8,2,7999,5000,15998,10000,5998,2025-06-19
1126,82,8,5,2,2499,1200,4998,2400,2598,2025-05-13
1127,89,5,7,1,4999,3500,4999,3500,1499,2025-03-19
1128,88,1,8,1,52000,45000,52000,45000,7000,2025-12-19
1129,3,5,1,1,4999,3500,4999,3500,1499,2025-05-20
1130,93,9,4,3,3499,1800,10497,5400,5097,2025-06-20
1131,82,7,4,2,3599,2200,7198,4400,2798,2025-12-08
1132,39,4,6,3,47000,39000,141000,117000,24000,2025-03-27
1133,89,8,5,2,2499,1200,4998,2400,2598,2025-05-27
1134,17,12,6,2,24000,18000,48000,36000,12000,2025-03-31
1135,9,28,5,2,2999,1800,5998,3600,2398,2025-09-27
1136,73,11,3,1,32000,25000,32000,25000,7000,2025-10-28
1137,2,4,8,3,47000,39000,141000,117000,24000,2025-12-06
1138,62,8,8,1,2499,1200,2499,1200,1299,2025-01-10
1139,12,18,4,1,4999,3000,4999,3000,1999,2025-02-17
1140,39,29,5,2,1499,800,2998,1600,1398,2025-04-05
1141,78,15,6,1,22000,15000,22000,15000,7000,2025-01-16
1142,33,18,8,1,4999,3000,4999,3000,1999,2025-04-01
1143,69,30,7,2,1299,600,2598,1200,1398,2025-07-24
1144,60,1,5,2,52000,45000,104000,90000,14000,2025-09-01
1145,11,20,8,3,6999,3500,20997,10500,10497,2025-11-22
1146,42,22,3,3,3999,2500,11997,7500,4497,2025-03-10
1147,26,19,6,2,2499,1200,4998,2400,2598,2025-08-19
1148,34,2,3,1,72000,60000,72000,60000,12000,2025-12-23
1149,44,16,6,2,5499,3000,10998,6000,4998,2025-04-24
1150,17,4,3,3,47000,39000,141000,117000,24000,2025-01-25
1151,92,4,4,1,47000,39000,47000,39000,8000,2025-04-02
1152,100,26,3,1,36000,28000,36000,28000,8000,2025-01-13
1153,39,17,7,3,29999,22000,89997,66000,23997,2025-03-24
1154,80,12,1,2,24000,18000,48000,36000,12000,2025-05-24
1155,55,30,7,3,1299,600,3897,1800,2097,2025-01-24
1156,50,27,3,3,1499,700,4497,2100,2397,2025-03-07
1157,99,6,2,3,3999,2500,11997,7500,4497,2025-10-20
1158,27,2,7,3,72000,60000,216000,180000,36000,2025-01-06
1159,39,8,6,3,2499,1200,7497,3600,3897,2025-02-15
1160,82,26,1,3,36000,28000,108000,84000,24000,2025-07-29
1161,70,24,1,3,4499,2500,13497,7500,5997,2025-01-12
1162,52,6,6,2,3999,2500,7998,5000,2998,2025-01-21
1163,6,14,3,3,1999,1200,5997,3600,2397,2025-02-25
1164,13,14,2,3,1999,1200,5997,3600,2397,2025-05-29
1165,56,2,3,2,72000,60000,144000,120000,24000,2025-08-04
1166,67,10,7,2,1199,500,2398,1000,1398,2025-10-15
1167,81,1,6,2,52000,45000,104000,90000,14000,2025-11-08
1168,64,24,5,1,4499,2500,4499,2500,1999,2025-07-28
1169,94,28,3,3,2999,1800,8997,5400,3597,2025-11-21
1170,39,9,6,2,3499,1800,6998,3600,3398,2025-09-09
1171,18,22,2,2,3999,2500,7998,5000,2998,2025-03-30
1172,27,21,7,1,7999,4000,7999,4000,3999,2025-09-18
1173,41,5,1,2,4999,3500,9998,7000,2998,2025-09-04
1174,8,29,6,3,1499,800,4497,2400,2097,2025-04-03
1175,31,14,7,2,1999,1200,3998,2400,1598,2025-07-17
1176,71,13,5,1,7999,5000,7999,5000,2999,2025-02-22
1177,1,5,6,2,4999,3500,9998,7000,2998,2025-07-26
1178,85,30,8,3,1299,600,3897,1800,2097,2025-09-20
1179,46,24,7,2,4499,2500,8998,5000,3998,2025-03-03
1180,86,6,2,3,3999,2500,11997,7500,4497,2025-07-22
1181,29,9,3,1,3499,1800,3499,1800,1699,2025-08-05
1182,30,6,7,1,3999,2500,3999,2500,1499,2025-11-20
1183,32,30,2,2,1299,600,2598,1200,1398,2025-05-07
1184,94,26,1,1,36000,28000,36000,28000,8000,2025-10-25
1185,21,30,5,2,1299,600,2598,1200,1398,2025-11-25
1186,30,14,7,2,1999,1200,3998,2400,1598,2025-06-04
1187,22,8,7,2,2499,1200,4998,2400,2598,2025-05-26
1188,88,4,4,3,47000,39000,141000,117000,24000,2025-10-05
1189,60,7,1,3,3599,2200,10797,6600,4197,2025-05-17
1190,23,23,5,1,9999,6000,9999,6000,3999,2025-02-17
1191,67,13,5,1,7999,5000,7999,5000,2999,2025-05-26
1192,19,2,7,3,72000,60000,216000,180000,36000,2025-06-29
1193,31,8,7,2,2499,1200,4998,2400,2598,2025-08-06
1194,17,26,1,2,36000,28000,72000,56000,16000,2025-06-17
1195,87,9,5,2,3499,1800,6998,3600,3398,2025-12-04
1196,27,12,8,1,24000,18000,24000,18000,6000,2025-06-24
1197,20,12,2,3,24000,18000,72000,54000,18000,2025-10-29
1198,65,14,7,1,1999,1200,1999,1200,799,2025-07-08
1199,27,21,2,3,7999,4000,23997,12000,11997,2025-08-09
1200,7,2,1,3,72000,60000,216000,180000,36000,2025-08-23
1201,30,23,6,3,9999,6000,29997,18000,11997,2025-05-01
1202,6,14,4,3,1999,1200,5997,3600,2397,2025-04-28
1203,61,6,3,2,3999,2500,7998,5000,2998,2025-08-09
1204,6,13,6,3,7999,5000,23997,15000,8997,2025-03-19
1205,34,26,8,3,36000,28000,108000,84000,24000,2025-07-08
1206,89,22,3,3,3999,2500,11997,7500,4497,2025-04-27
1207,40,11,1,3,32000,25000,96000,75000,21000,2025-11-10
1208,52,14,1,2,1999,1200,3998,2400,1598,2025-08-26
1209,18,29,1,1,1499,800,1499,800,699,2025-05-21
1210,37,7,3,1,3599,2200,3599,2200,1399,2025-02-14
1211,69,18,3,3,4999,3000,14997,9000,5997,2025-03-14
1212,58,8,6,3,2499,1200,7497,3600,3897,2025-03-28
1213,56,22,3,2,3999,2500,7998,5000,2998,2025-05-21
1214,37,10,3,2,1199,500,2398,1000,1398,2025-10-12
1215,21,12,5,2,24000,18000,48000,36000,12000,2025-04-24
1216,94,7,1,2,3599,2200,7198,4400,2798,2025-08-26
1217,52,26,7,2,36000,28000,72000,56000,16000,2025-09-17
1218,50,5,7,3,4999,3500,14997,10500,4497,2025-11-02
1219,10,30,3,3,1299,600,3897,1800,2097,2025-11-25
1220,92,13,4,3,7999,5000,23997,15000,8997,2025-12-29
1221,22,11,3,1,32000,25000,32000,25000,7000,2025-12-25
1222,32,23,3,1,9999,6000,9999,6000,3999,2025-06-01
1223,10,22,4,3,3999,2500,11997,7500,4497,2025-03-13
1224,32,4,4,2,47000,39000,94000,78000,16000,2025-01-20
1225,15,13,4,2,7999,5000,15998,10000,5998,2025-03-24
1226,17,3,6,2,50000,42000,100000,84000,16000,2025-01-07
1227,54,1,2,2,52000,45000,104000,90000,14000,2025-06-06
1228,22,27,6,2,1499,700,2998,1400,1598,2025-07-06
1229,70,30,7,1,1299,600,1299,600,699,2025-12-05
1230,68,13,5,3,7999,5000,23997,15000,8997,2025-01-13
1231,95,22,5,2,3999,2500,7998,5000,2998,2025-04-16
1232,88,20,4,3,6999,3500,20997,10500,10497,2025-12-28
1233,25,29,7,2,1499,800,2998,1600,1398,2025-10-05
1234,96,18,7,2,4999,3000,9998,6000,3998,2025-01-14
1235,25,3,7,3,50000,42000,150000,126000,24000,2025-10-12
1236,89,11,4,1,32000,25000,32000,25000,7000,2025-06-20
1237,66,13,5,2,7999,5000,15998,10000,5998,2025-09-15
1238,88,6,7,1,3999,2500,3999,2500,1499,2025-01-29
1239,65,22,5,1,3999,2500,3999,2500,1499,2025-12-27
1240,57,11,6,3,32000,25000,96000,75000,21000,2025-02-25
1241,79,7,3,3,3599,2200,10797,6600,4197,2025-12-12
1242,55,7,5,3,3599,2200,10797,6600,4197,2025-12-13
1243,24,23,6,1,9999,6000,9999,6000,3999,2025-06-27
1244,94,2,6,2,72000,60000,144000,120000,24000,2025-12-18
1245,30,28,6,3,2999,1800,8997,5400,3597,2025-08-09
1246,53,16,2,1,5499,3000,5499,3000,2499,2025-03-13
1247,34,25,6,3,7499,4000,22497,12000,10497,2025-11-30
1248,64,11,6,3,32000,25000,96000,75000,21000,2025-10-19
1249,14,21,7,1,7999,4000,7999,4000,3999,2025-04-19
1250,81,27,6,3,1499,700,4497,2100,2397,2025-06-17
1251,93,7,2,1,3599,2200,3599,2200,1399,2025-07-14
1252,74,26,6,3,36000,28000,108000,84000,24000,2025-08-31
1253,86,21,7,3,7999,4000,23997,12000,11997,2025-05-24
1254,25,29,6,2,1499,800,2998,1600,1398,2025-05-18
1255,33,18,4,2,4999,3000,9998,6000,3998,2025-06-30
1256,66,22,3,1,3999,2500,3999,2500,1499,2025-08-31
1257,59,24,7,3,4499,2500,13497,7500,5997,2025-01-09
1258,66,19,4,3,2499,1200,7497,3600,3897,2025-02-24
1259,15,14,8,2,1999,1200,3998,2400,1598,2025-07-13
1260,42,24,3,1,4499,2500,4499,2500,1999,2025-07-06
1261,54,24,1,1,4499,2500,4499,2500,1999,2025-07-27
1262,74,3,1,2,50000,42000,100000,84000,16000,2025-09-28
1263,65,14,6,1,1999,1200,1999,1200,799,2025-08-20
1264,19,21,8,3,7999,4000,23997,12000,11997,2025-12-07
1265,57,19,8,2,2499,1200,4998,2400,2598,2025-01-18
1266,68,4,3,2,47000,39000,94000,78000,16000,2025-08-18
1267,37,3,2,1,50000,42000,50000,42000,8000,2025-12-13
1268,10,11,7,1,32000,25000,32000,25000,7000,2025-05-14
1269,71,27,3,1,1499,700,1499,700,799,2025-11-15
1270,50,13,8,3,7999,5000,23997,15000,8997,2025-06-28
1271,76,25,4,3,7499,4000,22497,12000,10497,2025-03-08
1272,89,30,1,3,1299,600,3897,1800,2097,2025-10-15
1273,50,3,5,1,50000,42000,50000,42000,8000,2025-06-01
1274,3,1,8,1,52000,45000,52000,45000,7000,2025-04-08
1275,58,8,1,2,2499,1200,4998,2400,2598,2025-07-02
1276,26,28,6,1,2999,1800,2999,1800,1199,2025-01-02
1277,17,20,5,3,6999,3500,20997,10500,10497,2025-07-25
1278,100,29,6,2,1499,800,2998,1600,1398,2025-02-02
1279,24,11,6,2,32000,25000,64000,50000,14000,2025-01-17
1280,80,12,6,2,24000,18000,48000,36000,12000,2025-04-01
1281,58,29,2,3,1499,800,4497,2400,2097,2025-04-28
1282,64,10,2,2,1199,500,2398,1000,1398,2025-01-26
1283,32,5,2,3,4999,3500,14997,10500,4497,2025-11-04
1284,54,26,5,2,36000,28000,72000,56000,16000,2025-12-03
1285,77,17,6,1,29999,22000,29999,22000,7999,2025-12-11
1286,32,19,1,2,2499,1200,4998,2400,2598,2025-12-02
1287,14,18,8,3,4999,3000,14997,9000,5997,2025-12-25
1288,4,10,8,3,1199,500,3597,1500,2097,2025-02-13
1289,36,8,7,1,2499,1200,2499,1200,1299,2025-10-30
1290,14,12,3,3,24000,18000,72000,54000,18000,2025-08-18
1291,44,20,5,3,6999,3500,20997,10500,10497,2025-12-24
1292,72,20,3,2,6999,3500,13998,7000,6998,2025-08-21
1293,2,11,3,3,32000,25000,96000,75000,21000,2025-02-17
1294,64,6,2,1,3999,2500,3999,2500,1499,2025-11-25
1295,17,6,4,1,3999,2500,3999,2500,1499,2025-12-04
1296,31,19,1,1,2499,1200,2499,1200,1299,2025-01-19
1297,38,23,2,2,9999,6000,19998,12000,7998,2025-07-05
1298,79,25,7,3,7499,4000,22497,12000,10497,2025-07-17
1299,60,29,6,1,1499,800,1499,800,699,2025-06-06
1300,86,13,4,1,7999,5000,7999,5000,2999,2025-09-26
1301,25,3,1,1,50000,42000,50000,42000,8000,2025-05-13
1302,78,14,2,3,1999,1200,5997,3600,2397,2025-05-29
1303,62,13,3,3,7999,5000,23997,15000,8997,2025-04-22
1304,73,1,5,2,52000,45000,104000,90000,14000,2025-03-09
1305,66,28,7,3,2999,1800,8997,5400,3597,2025-06-06
1306,52,24,7,2,4499,2500,8998,5000,3998,2025-11-10
1307,63,14,1,1,1999,1200,1999,1200,799,2025-08-20
1308,22,20,2,1,6999,3500,6999,3500,3499,2025-12-22
1309,23,28,1,3,2999,1800,8997,5400,3597,2025-08-25
1310,70,3,4,1,50000,42000,50000,42000,8000,2025-04-06
1311,52,5,1,2,4999,3500,9998,7000,2998,2025-05-15
1312,46,30,8,3,1299,600,3897,1800,2097,2025-08-02
1313,44,25,8,1,7499,4000,7499,4000,3499,2025-09-07
1314,27,23,4,2,9999,6000,19998,12000,7998,2025-06-08
1315,37,10,6,3,1199,500,3597,1500,2097,2025-09-26
1316,26,9,6,1,3499,1800,3499,1800,1699,2025-08-12
1317,28,23,5,1,9999,6000,9999,6000,3999,2025-10-30
1318,76,30,6,2,1299,600,2598,1200,1398,2025-11-13
1319,15,6,4,3,3999,2500,11997,7500,4497,2025-02-27
1320,22,21,1,2,7999,4000,15998,8000,7998,2025-11-18
1321,9,25,1,2,7499,4000,14998,8000,6998,2025-09-08
1322,31,20,5,2,6999,3500,13998,7000,6998,2025-05-19
1323,24,6,5,2,3999,2500,7998,5000,2998,2025-04-22
1324,21,21,1,3,7999,4000,23997,12000,11997,2025-01-22
1325,17,25,3,1,7499,4000,7499,4000,3499,2025-10-04
1326,29,26,4,3,36000,28000,108000,84000,24000,2025-02-16
1327,77,22,2,2,3999,2500,7998,5000,2998,2025-03-07
1328,69,6,7,2,3999,2500,7998,5000,2998,2025-02-28
1329,41,3,7,2,50000,42000,100000,84000,16000,2025-05-24
1330,98,23,4,2,9999,6000,19998,12000,7998,2025-04-12
1331,89,18,6,3,4999,3000,14997,9000,5997,2025-04-06
1332,93,11,8,1,32000,25000,32000,25000,7000,2025-10-12
1333,13,23,6,3,9999,6000,29997,18000,11997,2025-05-25
1334,67,19,4,1,2499,1200,2499,1200,1299,2025-07-03
1335,48,18,2,1,4999,3000,4999,3000,1999,2025-04-22
1336,82,22,2,2,3999,2500,7998,5000,2998,2025-12-09
1337,90,29,7,3,1499,800,4497,2400,2097,2025-07-25
1338,22,12,3,1,24000,18000,24000,18000,6000,2025-03-11
1339,72,9,4,2,3499,1800,6998,3600,3398,2025-08-07
1340,83,10,7,1,1199,500,1199,500,699,2025-03-31
1341,78,24,7,3,4499,2500,13497,7500,5997,2025-02-15
1342,91,5,7,3,4999,3500,14997,10500,4497,2025-01-10
1343,3,7,1,2,3599,2200,7198,4400,2798,2025-11-25
1344,17,19,1,1,2499,1200,2499,1200,1299,2025-08-22
1345,66,18,5,3,4999,3000,14997,9000,5997,2025-02-01
1346,11,2,6,2,72000,60000,144000,120000,24000,2025-08-12
1347,1,9,8,2,3499,1800,6998,3600,3398,2025-02-25
1348,63,13,4,1,7999,5000,7999,5000,2999,2025-11-20
1349,66,25,1,1,7499,4000,7499,4000,3499,2025-07-19
1350,28,15,7,3,22000,15000,66000,45000,21000,2025-09-30
1351,95,7,4,2,3599,2200,7198,4400,2798,2025-06-11
1352,80,26,7,2,36000,28000,72000,56000,16000,2025-08-01
1353,71,9,8,1,3499,1800,3499,1800,1699,2025-10-31
1354,78,24,5,3,4499,2500,13497,7500,5997,2025-04-28
1355,72,18,6,2,4999,3000,9998,6000,3998,2025-02-06
1356,54,2,3,1,72000,60000,72000,60000,12000,2025-02-06
1357,88,4,1,1,47000,39000,47000,39000,8000,2025-12-08
1358,91,22,3,2,3999,2500,7998,5000,2998,2025-09-12
1359,60,30,6,1,1299,600,1299,600,699,2025-01-18
1360,38,30,6,3,1299,600,3897,1800,2097,2025-07-13
1361,56,27,7,2,1499,700,2998,1400,1598,2025-05-28
1362,2,28,6,2,2999,1800,5998,3600,2398,2025-01-22
1363,97,10,3,1,1199,500,1199,500,699,2025-06-21
1364,9,4,1,2,47000,39000,94000,78000,16000,2025-08-17
1365,30,6,2,2,3999,2500,7998,5000,2998,2025-12-02
1366,6,17,5,3,29999,22000,89997,66000,23997,2025-10-08
1367,44,1,5,1,52000,45000,52000,45000,7000,2025-06-15
1368,60,10,2,2,1199,500,2398,1000,1398,2025-04-14
1369,11,22,2,3,3999,2500,11997,7500,4497,2025-11-07
1370,40,11,4,3,32000,25000,96000,75000,21000,2025-11-07
1371,45,10,2,3,1199,500,3597,1500,2097,2025-08-18
1372,89,17,7,3,29999,22000,89997,66000,23997,2025-04-07
1373,30,10,6,2,1199,500,2398,1000,1398,2025-03-15
1374,52,22,8,1,3999,2500,3999,2500,1499,2025-07-09
1375,16,22,7,1,3999,2500,3999,2500,1499,2025-05-22
1376,10,2,7,3,72000,60000,216000,180000,36000,2025-08-09
1377,80,28,7,1,2999,1800,2999,1800,1199,2025-11-16
1378,91,2,1,1,72000,60000,72000,60000,12000,2025-08-15
1379,59,5,7,3,4999,3500,14997,10500,4497,2025-02-02
1380,85,26,4,3,36000,28000,108000,84000,24000,2025-11-29
1381,96,20,6,1,6999,3500,6999,3500,3499,2025-06-06
1382,26,14,5,2,1999,1200,3998,2400,1598,2025-06-01
1383,56,17,7,1,29999,22000,29999,22000,7999,2025-05-25
1384,90,17,7,1,29999,22000,29999,22000,7999,2025-06-30
1385,96,18,5,2,4999,3000,9998,6000,3998,2025-01-23
1386,82,12,1,1,24000,18000,24000,18000,6000,2025-02-28
1387,4,26,6,2,36000,28000,72000,56000,16000,2025-02-16
1388,48,16,3,3,5499,3000,16497,9000,7497,2025-07-16
1389,53,4,4,3,47000,39000,141000,117000,24000,2025-09-22
1390,6,28,8,1,2999,1800,2999,1800,1199,2025-06-08
1391,32,3,4,1,50000,42000,50000,42000,8000,2025-07-10
1392,63,21,1,2,7999,4000,15998,8000,7998,2025-09-14
1393,94,25,1,2,7499,4000,14998,8000,6998,2025-10-18
1394,98,24,6,2,4499,2500,8998,5000,3998,2025-02-16
1395,37,15,1,2,22000,15000,44000,30000,14000,2025-06-26
1396,96,12,3,2,24000,18000,48000,36000,12000,2025-02-24
1397,78,20,5,3,6999,3500,20997,10500,10497,2025-02-01
1398,49,30,5,2,1299,600,2598,1200,1398,2025-11-16
1399,51,13,2,2,7999,5000,15998,10000,5998,2025-04-23
1400,39,13,8,2,7999,5000,15998,10000,5998,2025-10-23
1401,70,2,7,2,72000,60000,144000,120000,24000,2025-08-16
1402,84,2,2,2,72000,60000,144000,120000,24000,2025-04-13
1403,74,1,8,2,52000,45000,104000,90000,14000,2025-06-26
1404,29,7,2,2,3599,2200,7198,4400,2798,2025-11-16
1405,71,13,3,3,7999,5000,23997,15000,8997,2025-10-22
1406,58,10,3,3,1199,500,3597,1500,2097,2025-07-10
1407,23,30,1,1,1299,600,1299,600,699,2025-01-07
1408,17,16,2,3,5499,3000,16497,9000,7497,2025-03-30
1409,17,22,8,3,3999,2500,11997,7500,4497,2025-07-20
1410,4,27,5,1,1499,700,1499,700,799,2025-10-27
1411,93,30,7,3,1299,600,3897,1800,2097,2025-10-18
1412,79,26,6,1,36000,28000,36000,28000,8000,2025-04-18
1413,68,25,5,1,7499,4000,7499,4000,3499,2025-08-31
1414,86,12,5,1,24000,18000,24000,18000,6000,2025-12-23
1415,67,20,6,1,6999,3500,6999,3500,3499,2025-10-20
1416,56,6,8,2,3999,2500,7998,5000,2998,2025-08-30
1417,86,5,7,1,4999,3500,4999,3500,1499,2025-08-28
1418,35,12,6,1,24000,18000,24000,18000,6000,2025-04-20
1419,13,20,2,1,6999,3500,6999,3500,3499,2025-05-05
1420,54,7,8,1,3599,2200,3599,2200,1399,2025-02-16
1421,16,18,7,2,4999,3000,9998,6000,3998,2025-03-22
1422,6,6,7,3,3999,2500,11997,7500,4497,2025-04-08
1423,26,27,6,3,1499,700,4497,2100,2397,2025-10-21
1424,20,4,5,1,47000,39000,47000,39000,8000,2025-01-06
1425,30,26,1,2,36000,28000,72000,56000,16000,2025-08-15
1426,79,15,6,3,22000,15000,66000,45000,21000,2025-07-19
1427,91,27,3,1,1499,700,1499,700,799,2025-07-28
1428,87,19,3,3,2499,1200,7497,3600,3897,2025-12-26
1429,70,9,3,1,3499,1800,3499,1800,1699,2025-07-17
1430,66,5,1,3,4999,3500,14997,10500,4497,2025-12-29
1431,2,1,8,1,52000,45000,52000,45000,7000,2025-01-13
1432,100,23,4,3,9999,6000,29997,18000,11997,2025-07-11
1433,13,21,7,1,7999,4000,7999,4000,3999,2025-12-12
1434,80,8,7,2,2499,1200,4998,2400,2598,2025-05-08
1435,92,26,4,1,36000,28000,36000,28000,8000,2025-10-30
1436,82,20,4,2,6999,3500,13998,7000,6998,2025-01-23
1437,29,9,5,2,3499,1800,6998,3600,3398,2025-06-30
1438,92,18,3,2,4999,3000,9998,6000,3998,2025-11-18
1439,44,19,3,3,2499,1200,7497,3600,3897,2025-05-14
1440,25,3,2,3,50000,42000,150000,126000,24000,2025-05-04
1441,85,15,8,1,22000,15000,22000,15000,7000,2025-01-08
1442,52,15,5,3,22000,15000,66000,45000,21000,2025-07-13
1443,66,27,1,3,1499,700,4497,2100,2397,2025-03-11
1444,75,17,6,3,29999,22000,89997,66000,23997,2025-01-26
1445,9,3,1,1,50000,42000,50000,42000,8000,2025-08-05
1446,56,21,1,2,7999,4000,15998,8000,7998,2025-01-28
1447,90,8,4,1,2499,1200,2499,1200,1299,2025-11-16
1448,50,26,4,2,36000,28000,72000,56000,16000,2025-05-23
1449,84,23,1,2,9999,6000,19998,12000,7998,2025-07-07
1450,63,17,7,2,29999,22000,59998,44000,15998,2025-02-06
1451,100,17,5,3,29999,22000,89997,66000,23997,2025-03-08
1452,8,13,6,1,7999,5000,7999,5000,2999,2025-10-31
1453,43,1,4,2,52000,45000,104000,90000,14000,2025-03-03
1454,52,7,6,1,3599,2200,3599,2200,1399,2025-03-30
1455,21,22,1,1,3999,2500,3999,2500,1499,2025-01-04
1456,23,13,5,1,7999,5000,7999,5000,2999,2025-03-03
1457,30,16,3,2,5499,3000,10998,6000,4998,2025-10-15
1458,69,16,6,1,5499,3000,5499,3000,2499,2025-11-15
1459,95,19,7,2,2499,1200,4998,2400,2598,2025-10-17
1460,41,3,1,2,50000,42000,100000,84000,16000,2025-07-30
1461,61,25,5,1,7499,4000,7499,4000,3499,2025-07-04
1462,48,6,6,2,3999,2500,7998,5000,2998,2025-02-05
1463,66,20,7,1,6999,3500,6999,3500,3499,2025-06-15
1464,37,23,6,1,9999,6000,9999,6000,3999,2025-06-25
1465,72,19,8,3,2499,1200,7497,3600,3897,2025-09-27
1466,81,14,7,1,1999,1200,1999,1200,799,2025-04-29
1467,48,19,4,1,2499,1200,2499,1200,1299,2025-03-13
1468,95,27,8,3,1499,700,4497,2100,2397,2025-07-27
1469,84,25,4,2,7499,4000,14998,8000,6998,2025-06-04
1470,59,1,6,3,52000,45000,156000,135000,21000,2025-06-24
1471,69,30,8,2,1299,600,2598,1200,1398,2025-01-04
1472,3,18,1,3,4999,3000,14997,9000,5997,2025-05-07
1473,35,27,2,2,1499,700,2998,1400,1598,2025-07-31
1474,3,25,8,3,7499,4000,22497,12000,10497,2025-03-03
1475,28,19,8,1,2499,1200,2499,1200,1299,2025-10-16
1476,50,6,3,1,3999,2500,3999,2500,1499,2025-10-11
1477,90,11,4,3,32000,25000,96000,75000,21000,2025-04-04
1478,100,7,8,1,3599,2200,3599,2200,1399,2025-02-16
1479,100,7,2,2,3599,2200,7198,4400,2798,2025-12-03
1480,16,2,6,3,72000,60000,216000,180000,36000,2025-09-15
1481,91,21,3,3,7999,4000,23997,12000,11997,2025-10-21
1482,31,27,4,3,1499,700,4497,2100,2397,2025-12-03
1483,58,29,2,1,1499,800,1499,800,699,2025-12-02
1484,39,21,2,3,7999,4000,23997,12000,11997,2025-07-26
1485,15,13,1,3,7999,5000,23997,15000,8997,2025-06-26
1486,84,9,7,2,3499,1800,6998,3600,3398,2025-01-29
1487,98,23,1,1,9999,6000,9999,6000,3999,2025-03-18
1488,60,12,6,3,24000,18000,72000,54000,18000,2025-03-23
1489,24,30,3,3,1299,600,3897,1800,2097,2025-04-29
1490,27,23,3,3,9999,6000,29997,18000,11997,2025-01-02
1491,72,23,1,3,9999,6000,29997,18000,11997,2025-02-06
1492,10,22,5,1,3999,2500,3999,2500,1499,2025-08-30
1493,84,29,5,2,1499,800,2998,1600,1398,2025-11-22
1494,11,17,2,1,29999,22000,29999,22000,7999,2025-03-28
1495,95,26,5,3,36000,28000,108000,84000,24000,2025-05-10
1496,3,13,6,3,7999,5000,23997,15000,8997,2025-01-18
1497,77,24,3,2,4499,2500,8998,5000,3998,2025-06-05
1498,63,23,5,1,9999,6000,9999,6000,3999,2025-10-28
1499,4,10,2,1,1199,500,1199,500,699,2025-02-08
1500,84,13,1,2,7999,5000,15998,10000,5998,2025-09-23
